ID,etapa.de.ensino,area.de.conhecimento,formacao.continuada,unidade,Item1,Item2,Item3,Item4,Item5,Item6,Item7,Item8,Item9,Item10,Item11,Item12,Item13,Item14,Item15,Item16,Item17,Item18,Item19,Item20,Item21,Item22,Item23
5e8394028f0a296ce7a9948d,Ensino Superior,Ciências Humanas,Formação continuada - Concluída;Doutorado - Concluído,UFAL A.C. Simões,5,5,5,4,4,4,4,5,5,4,5,5,4,3,5,5,4,4,5,3,5,5,5
5e85b1ca8f0a292bf1adf300,Ensino Superior,Ciências Humanas,Doutorado - Concluído;Pós-doutorado - Concluído,UFAL A.C. Simões,4,4,2,2,3,2,2,2,2,2,3,3,3,3,2,3,2,3,3,2,2,2,3
5e85d5488f0a292beda2e4ea,Ensino Superior,Ciências Sociais Aplicadas,NA,UFAL A.C. Simões,4,5,3,1,3,2,3,3,4,4,4,4,3,4,2,5,4,3,4,4,3,3,4
5e85e4d08f0a292bf1adf359,Ensino Superior,Ciências Sociais Aplicadas,Pós-doutorado - Em andamento,UFAL A.C. Simões,3,5,5,4,4,4,3,5,4,4,4,3,4,1,1,4,4,4,5,2,4,4,4
5e8625bda861ff4068363466,NA,NA,NA,UFAL A.C. Simões,5,5,5,4,4,5,4,3,3,3,3,5,3,4,2,4,4,5,3,3,4,4,3
5e8625bca861ff4068363458,NA,NA,NA,UFAL A.C. Simões,4,3,4,1,3,1,1,3,4,3,3,4,4,4,2,5,2,1,3,2,1,2,4
5e862977a861ff4068363494,Ensino Superior,Engenharias,NA,UFAL A.C. Simões,3,3,3,2,2,2,3,2,3,3,2,2,2,2,3,3,3,2,2,2,2,2,3
5e863555a861ff406c58ede6,Ensino Superior,Ciências Sociais Aplicadas,NA,UFAL A.C. Simões,2,2,2,1,1,1,1,2,2,2,3,3,1,2,1,3,2,1,1,2,1,1,1
5e863a5ca861ff40683634ff,Ensino Superior,Ciências Sociais Aplicadas,Formação continuada - Concluída,UFAL A.C. Simões,3,4,5,4,4,2,2,3,3,3,3,3,2,4,2,4,4,1,3,3,2,2,4
5e863f44a861ff406c58ee6c,Ensino Superior,Ciências Sociais Aplicadas,NA,UFAL A.C. Simões,4,3,5,4,4,1,1,3,4,3,3,2,2,3,1,4,4,1,3,2,2,2,4
5e863fdca861ff406c58ee76,Ensino Superior,Ciências Sociais Aplicadas,Mestrado - Concluído,UFAL A.C. Simões,3,4,3,3,3,2,4,2,3,4,5,4,4,3,2,4,4,4,4,4,4,3,4
5e864e0ba861ff406c58ee96,Ensino Superior,Ciências Sociais Aplicadas,Formação continuada - Concluída,UFAL A.C. Simões,3,4,4,1,1,1,1,2,2,4,5,4,4,3,4,3,3,1,4,2,1,3,3
5e865fb1a861ff406836358c,Ensino Superior,Ciências Sociais Aplicadas,Formação continuada - Concluída,UFAL A.C. Simões,4,4,5,4,4,4,4,3,4,3,3,3,1,2,2,4,2,1,4,3,4,4,4
5e866e64a861ff406c58ef03,Ensino Superior,Ciências Sociais Aplicadas,Formação continuada - Concluída,UFAL A.C. Simões,4,5,5,4,4,3,4,4,4,5,3,3,2,3,2,5,4,3,4,3,2,2,4
5e867729a861ff406c58ef2a,Ensino Superior,Ciências Humanas,Formação continuada - Concluída,UFAL A.C. Simões,4,4,4,4,4,3,4,3,4,4,5,4,4,4,4,4,4,5,5,5,3,4,4
5e8635c9a861ff406c58edee,Ensino Superior,Ciências Exatas e da Terra;Ciências Humanas;Ciências da Saúde,Doutorado - Concluído;Mestrado - Concluído,UFAL A.C. Simões,5,4,3,1,3,2,2,2,3,2,2,4,3,4,2,5,2,1,3,3,1,2,4
5e85daf88f0a292beda2e51b,Ensino Superior,Ciências Humanas,Formação continuada - Concluída,UFAL A.C. Simões,2,2,2,1,1,1,2,2,2,2,2,3,2,2,2,2,2,1,2,2,2,4,4
5e87298fa861ff3f7eb2562e,Ensino Superior,Ciências Exatas e da Terra;Engenharias,NA,UFAL A.C. Simões,3,2,3,3,1,2,3,2,3,3,2,3,1,4,1,4,1,1,4,5,3,1,2
5e873049a861ff3f7a8ff2fb,Ensino Superior,Ciências Exatas e da Terra,NA,UFAL A.C. Simões,2,2,2,2,1,2,1,2,3,2,2,5,1,3,1,2,2,3,1,2,3,4,1
5e873c89a861ff3f7a8ff316,Ensino Superior,Ciências Humanas,Formação continuada - Concluída,UFAL A.C. Simões,3,2,2,5,3,3,3,2,2,3,3,4,3,5,5,5,5,4,4,5,3,4,4
5e873eeda861ff3f7eb2565f,Ensino Superior;Educação para Jovens e Adultos,Ciências Humanas,NA,UFAL A.C. Simões,2,2,1,1,1,1,1,2,1,2,2,2,1,2,2,3,3,1,3,2,2,2,3
5e873ff7a861ff3f7a8ff32f,Ensino Superior,Ciências Exatas e da Terra,Formação continuada - Concluída,UFAL A.C. Simões,4,3,3,3,2,1,1,2,4,4,2,3,2,3,2,5,3,1,3,2,1,2,2
5e874035a861ff3f7a8ff330,Ensino Superior,Ciências Exatas e da Terra,NA,UFAL A.C. Simões,3,2,2,2,3,1,1,1,1,2,2,1,1,3,1,3,1,1,3,2,3,1,3
5e874106a861ff3f7a8ff332,Ensino Superior,Ciências Exatas e da Terra,Graduação - Concluída,UFAL A.C. Simões,2,3,2,1,1,1,1,3,4,3,3,3,2,3,2,4,2,1,4,2,1,2,1
5e874564a861ff3f7eb2568a,Ensino Superior,Ciências Humanas,Especialização - Concluída,UFAL A.C. Simões,2,4,3,1,3,1,3,3,5,2,3,2,1,2,1,1,1,1,3,3,1,4,2
5e874983a861ff3f7eb256bb,Ensino Superior,Ciências Sociais Aplicadas,NA,UFAL A.C. Simões,4,4,5,4,3,3,3,2,2,3,3,5,2,4,3,5,2,4,3,3,1,2,3
5e874abca861ff3f7eb256c1,Ensino Superior,Ciências Sociais Aplicadas,NA,UFAL A.C. Simões,1,1,1,1,1,1,2,1,1,1,1,3,2,2,2,2,2,2,2,2,2,2,2
5e874c73a861ff3f7a8ff3a8,Ensino Superior,Linguística/Letras e Artes,NA,UFAL A.C. Simões,5,5,4,2,3,2,3,5,4,4,5,5,4,5,5,5,5,5,5,4,3,5,4
5e874e1fa861ff3f7eb256ec,Ensino Superior,Ciências Humanas,Formação continuada - Concluída,UFAL A.C. Simões,3,2,2,1,1,2,2,3,4,2,3,3,3,3,3,4,3,3,3,1,1,1,4
5e875675a861ff3f7eb25712,Ensino Superior,Ciências Sociais Aplicadas,Doutorado - Em andamento,UFAL A.C. Simões,4,4,3,2,1,1,2,3,4,3,3,2,2,3,1,5,4,1,3,4,2,2,3
5e875a57a861ff3f7a8ff403,Ensino Superior,Ciências Sociais Aplicadas,NA,UFAL A.C. Simões,1,2,2,2,1,2,2,2,2,2,2,4,2,2,2,4,2,1,1,2,2,2,2
5e876039a861ff3f7eb25731,Ensino Superior,Engenharias;Ciências Exatas e da Terra,Doutorado - Concluído,UFAL A.C. Simões,5,5,4,2,3,1,1,2,4,2,5,4,2,3,2,4,1,5,4,4,4,5,2
5e87673fa861ff3f7eb25746,Ensino Superior,Ciências Humanas,NA,UFAL A.C. Simões,4,4,4,4,3,3,3,3,4,4,3,4,2,2,1,3,1,2,3,3,3,3,4
5e87708fa861ff3f7eb25777,Ensino Superior,Linguística/Letras e Artes,NA,UFAL A.C. Simões,2,2,2,4,3,2,3,2,2,2,2,5,2,3,2,3,3,2,2,2,2,2,3
5e877437a861ff3f7a8ff45d,Ensino Superior,Engenharias,Formação continuada - Concluída,UFAL A.C. Simões,2,3,2,4,1,2,3,3,3,4,3,1,1,1,1,4,1,1,3,5,2,2,3
5e87819ca861ff3f7a8ff465,Ensino Superior,Engenharias,Graduação - Concluída,UFAL A.C. Simões,5,4,4,4,2,4,3,3,4,4,3,4,2,4,2,5,2,4,3,2,3,4,4
5e877f0ea861ff3f7eb25787,Ensino Superior,Engenharias,Mestrado - Concluído,UFAL A.C. Simões,4,3,2,2,2,2,2,2,2,2,2,2,2,2,2,2,2,2,2,2,2,2,2
5e878263a861ff3f7eb2579a,Ensino Superior,Engenharias,Formação continuada - Concluída,UFAL A.C. Simões,4,4,5,3,3,3,3,3,3,2,3,5,4,3,1,5,3,5,5,4,2,2,3
5e87839ca861ff3f7eb257a1,Ensino Superior,Ciências Humanas,NA,UFAL A.C. Simões,4,3,4,4,2,2,2,2,4,3,2,3,2,3,2,5,4,2,5,3,3,3,3
5e87865da861ff3f7a8ff485,Ensino Superior,Ciências Sociais Aplicadas,NA,UFAL A.C. Simões,4,4,3,5,3,5,4,3,4,5,3,2,2,3,2,5,2,4,4,4,5,4,3
5e8786d6a861ff3f7eb257b4,Ensino Superior,Ciências Biológicas;Ciências Exatas e da Terra,NA,UFAL A.C. Simões,4,4,4,3,2,1,1,3,4,3,3,3,2,4,1,5,3,1,5,3,3,4,4
5e87889da861ff3f7eb257c3,Ensino Superior,Engenharias;Ciências Exatas e da Terra,Graduação - Concluída;Mestrado - Concluído;Doutorado - Em andamento,UFAL A.C. Simões,4,2,1,1,1,2,3,2,2,2,2,4,1,3,1,4,1,4,3,2,3,2,3
5e8792eaa861ff3f7eb257f5,Ensino Superior,Ciências da Saúde,Formação continuada - Concluída,UFAL A.C. Simões,3,2,2,1,1,1,2,3,4,3,3,5,2,3,2,4,2,1,4,3,3,2,4
5e87c83ba861ff3f7eb25870,Ensino Superior,Ciências Humanas,NA,UFAL A.C. Simões,3,3,4,1,2,3,2,3,3,3,3,3,3,2,1,3,3,1,3,3,3,2,2
5e87d37ba861ff3f7eb25881,Ensino Superior,Ciências Humanas,NA,UFAL A.C. Simões,2,2,2,2,1,1,2,2,2,2,2,3,2,3,2,3,2,2,2,2,2,2,2
5e87ed36a861ff3f7a8ff560,Ensino Superior,Ciências Exatas e da Terra,Graduação - Concluída;Mestrado - Concluído;Doutorado - Concluído;Pós-doutorado - Concluído,UFAL A.C. Simões,4,4,5,4,4,3,5,2,4,2,5,3,2,3,2,5,2,1,4,3,2,3,3
5e881985a861ff3f7a8ff59c,Ensino Superior,Ciências Exatas e da Terra,NA,UFAL A.C. Simões,2,4,5,4,3,2,2,3,2,2,2,2,2,2,2,5,4,3,4,2,4,3,3
5e882018a861ff3f7eb258d1,Ensino Superior,Ciências Exatas e da Terra;Ciências Humanas,NA,UFAL A.C. Simões,5,3,4,4,3,1,3,3,3,3,3,5,2,3,2,5,4,2,3,2,3,5,3
5e883222a861ff6760681bd9,Ensino Superior,Ciências Humanas,NA,UFAL A.C. Simões,2,2,3,2,1,1,4,3,2,2,1,5,1,4,2,5,2,1,4,2,3,4,3
5e884f1ba861ff6760681c0a,Ensino Superior,Ciências Exatas e da Terra,NA,UFAL A.C. Simões,2,2,2,1,3,1,1,2,2,2,2,1,1,2,2,4,1,1,1,2,1,2,1
5e8850a0a861ff675c201b5c,Ensino Superior,Engenharias,NA,UFAL A.C. Simões,3,2,1,1,1,1,1,1,2,1,2,3,1,2,1,2,1,1,1,2,3,1,1
5e8851dba861ff675c201b64,Ensino Superior,Ciências Sociais Aplicadas,NA,UFAL A.C. Simões,2,2,2,1,1,1,2,2,2,3,3,2,2,2,2,3,2,2,1,2,1,2,2
5e885d2ca861ff675c201b7e,Ensino Superior,Ciências Humanas;Ciências Exatas e da Terra,NA,UFAL A.C. Simões,1,3,3,5,3,5,4,3,4,3,3,4,1,3,2,4,1,1,3,3,2,2,4
5e88613ca861ff6760681c39,Ensino Superior,Ciências Exatas e da Terra,NA,UFAL A.C. Simões,2,2,1,1,1,1,1,1,2,1,2,3,1,3,1,2,1,1,2,1,1,2,2
5e886bfba861ff675c201b97,Ensino Superior,Ciências Biológicas;Ciências da Saúde,NA,UFAL A.C. Simões,4,2,2,3,3,2,3,3,4,3,3,3,2,4,3,4,3,2,4,3,2,2,3
5e886ff3a861ff675c201ba3,Ensino Técnico,Ensino técnico,Especialização - Concluída,UFAL A.C. Simões,4,3,5,4,3,4,4,4,4,3,3,4,4,4,4,4,4,4,4,4,3,4,4
5e8874aca861ff6760681c68,Ensino Superior,Engenharias,NA,UFAL A.C. Simões,4,2,3,2,3,3,2,3,2,4,3,4,2,2,2,3,1,2,2,3,2,4,4
5e85cfd48f0a292bf1adf31d,Ensino Superior,Ciências Exatas e da Terra,NA,UFAL A.C. Simões,3,4,3,3,2,2,2,3,3,4,3,2,2,2,1,3,2,1,1,1,2,2,3
5e887ceba861ff6760681c8e,Ensino Superior,Ciências Humanas,NA,UFAL A.C. Simões,1,1,1,1,1,1,1,1,1,1,1,1,1,1,1,3,2,2,2,2,2,2,2
5e888aa8a861ff6760681c9c,Ensino Superior,Ciências Humanas,NA,UFAL A.C. Simões,2,2,2,2,3,3,2,3,2,2,2,2,2,3,2,4,3,2,2,2,3,2,2
5e88aad9a861ff675c201c73,Ensino Superior,Ciências Sociais Aplicadas,Doutorado - Concluído,UFAL A.C. Simões,1,2,1,2,1,1,1,2,1,3,3,3,2,2,2,2,2,4,1,4,1,2,2
5e88b62fa861ff6760681cfb,Ensino Superior,Ciências da Saúde,Graduação - Em andamento,UFAL A.C. Simões,4,3,3,3,4,5,3,4,4,5,3,4,2,2,2,4,1,4,3,2,3,4,3
5e88b9a6a861ff675c201c97,Ensino Superior,Ciências Humanas,NA,UFAL A.C. Simões,3,2,2,1,3,3,2,3,2,3,3,5,3,2,2,3,4,2,1,3,2,3,3
5e88be8ea861ff675c201ca7,Ensino Superior,Ciências Sociais Aplicadas,Doutorado - Concluído,UFAL A.C. Simões,4,5,5,5,5,3,3,4,4,3,5,4,3,3,2,5,4,3,4,3,3,2,3
5e88c2b5a861ff6760681d34,Ensino Superior,Engenharias,NA,UFAL A.C. Simões,1,2,2,3,1,1,1,2,2,2,1,3,1,3,1,3,1,1,1,1,1,2,1
5e88ce93a861ff675c201d03,Ensino Superior,Ciências Sociais Aplicadas,Doutorado - Concluído,UFAL A.C. Simões,3,4,3,5,2,2,2,2,4,2,3,3,2,2,1,4,3,3,3,3,2,3,2
5e88d2eca861ff675c201d0e,Ensino Superior,Ciências Sociais Aplicadas,Formação continuada - Concluída,UFAL A.C. Simões,5,4,5,4,4,3,4,4,4,5,4,4,2,3,3,3,5,4,5,3,3,4,5
5e88d974a861ff675c201d3c,Ensino Superior,Linguística/Letras e Artes,NA,UFAL A.C. Simões,3,3,3,4,3,3,4,3,4,4,3,4,3,2,2,3,3,3,3,3,3,2,3
5e88eb57a861ff675c201d87,Ensino Superior,Ciências Exatas e da Terra,NA,UFAL A.C. Simões,5,5,5,2,3,1,1,2,4,2,3,4,4,5,4,5,1,5,4,3,1,5,5
5e88edfda861ff6760681e33,Ensino Superior,Ciências Exatas e da Terra,NA,UFAL A.C. Simões,2,2,5,4,3,1,2,2,3,1,2,3,1,4,1,3,1,1,1,3,1,2,3
5e88f872a861ff6760681e44,Ensino Superior,Ciências da Saúde;Ciências Biológicas,Formação continuada - Concluída,UFAL A.C. Simões,3,2,2,1,1,2,2,3,2,2,2,3,1,2,1,5,2,1,3,3,3,4,3
5e88fdd4a861ff6760681e4b,Ensino Superior,Ciências Exatas e da Terra,NA,UFAL A.C. Simões,2,2,2,2,1,2,2,2,2,3,2,5,2,5,2,3,2,1,2,2,1,1,2
5e890798a861ff6760681e79,Ensino Superior,Linguística/Letras e Artes,NA,UFAL A.C. Simões,3,3,2,3,1,1,3,2,2,3,2,2,2,3,2,2,2,2,2,2,2,2,3
5e890988a861ff675c201dd0,Educação Infantil;Ensino Superior,Campos de experiências;Ciências Humanas,Doutorado - Em andamento,UFAL A.C. Simões,2,2,4,4,2,5,4,4,2,3,3,2,3,2,1,5,2,3,4,4,3,3,4
5e8910fda861ff6760681e94,Ensino Superior,Engenharias;Ciências Sociais Aplicadas;Linguística/Letras e Artes,Mestrado - Concluído;Especialização - Concluída,UFAL A.C. Simões,4,3,5,4,3,1,1,3,4,2,3,3,1,2,1,3,1,1,3,3,1,1,3
5e891eeba861ff6760681eac,Ensino Superior,Engenharias,Formação continuada - Em andamento,UFAL A.C. Simões,5,5,5,5,3,4,3,2,1,3,3,4,2,3,2,5,2,5,4,5,1,2,1
5e892524a861ff675c201dfa,Ensino Superior,Ciências Exatas e da Terra,NA,UFAL A.C. Simões,4,2,1,1,3,2,3,3,3,3,2,2,5,3,3,5,3,5,2,3,3,4,1
5e89401ca861ff6760681ee5,Ensino Superior,Ciências Humanas,Formação continuada - Concluída,UFAL A.C. Simões,2,2,2,5,2,2,4,3,2,2,3,4,2,4,2,5,2,2,2,2,4,2,3
5e8943f4a861ff6760681eef,Ensino Superior,Linguística/Letras e Artes,NA,UFAL A.C. Simões,4,2,2,2,3,3,3,3,3,3,2,4,1,5,1,5,2,1,3,2,2,4,4
5e894944a861ff675c201e38,Ensino Superior,Ciências da Saúde,NA,UFAL A.C. Simões,2,3,2,3,2,1,1,4,2,3,4,3,1,4,2,5,2,1,4,2,3,2,3
5e895892a861ff675c201e4e,Ensino Superior,Ciências Humanas,Formação continuada - Em andamento,UFAL A.C. Simões,4,3,2,3,2,1,1,2,3,2,3,4,2,3,2,4,1,2,3,2,1,2,3
5e89e5e6a861ff7eba14d4ad,Ensino Técnico;Ensino Superior,Linguística/Letras e Artes,NA,UFAL A.C. Simões,3,5,3,3,4,3,3,5,4,3,3,4,2,3,2,5,2,2,3,4,4,4,4
5e874f31a861ff3f7eb256f6,Ensino Superior,Ciências Sociais Aplicadas,NA,UFAL A.C. Simões,2,2,2,1,2,1,2,2,2,3,3,3,2,2,2,4,1,1,3,2,3,2,2
5e89fe82a861ff7eb664f6cd,Ensino Superior,Ciências Exatas e da Terra,NA,UFAL A.C. Simões,2,2,5,4,3,2,2,3,2,3,2,4,2,3,2,3,2,2,3,3,3,2,3
5e8a1b8da861ff7eb664f6e8,Ensino Superior,Ciências Exatas e da Terra,NA,UFAL A.C. Simões,2,2,1,2,1,1,2,2,2,1,2,3,1,3,1,3,1,1,1,1,1,1,2
5e8a2944a861ff7eb664f720,Ensino Superior,Ciências Sociais Aplicadas,Doutorado - Concluído,UFAL A.C. Simões,3,2,2,1,1,1,1,2,2,1,1,1,1,1,1,3,3,1,4,1,1,1,1
5e8a29b5a861ff7eba14d51f,Ensino Superior,Ciências Humanas,Pós-doutorado - Concluído,UFAL A.C. Simões,4,2,5,5,4,3,5,3,4,3,3,5,3,1,4,3,1,1,4,3,1,4,4
5e8a2f5aa861ff7eb664f741,Ensino Superior,Ciências Biológicas,NA,UFAL A.C. Simões,2,2,2,2,1,1,3,3,1,3,3,2,1,1,1,5,4,1,3,3,2,2,2
5e8a3062a861ff7eba14d55d,Ensino Superior,Ciências da Saúde,NA,UFAL A.C. Simões,3,2,1,1,1,2,4,2,2,2,2,5,3,2,2,5,3,2,4,2,2,2,3
5e8a3176a861ff7eb664f74d,Ensino Superior,Linguística/Letras e Artes,NA,UFAL A.C. Simões,2,3,2,1,1,1,3,2,1,2,3,3,2,2,2,4,2,1,3,3,2,2,2
5e8a32d6a861ff7eba14d572,Ensino Superior,Ciências Biológicas;Ciências da Saúde,NA,UFAL A.C. Simões,3,2,1,1,1,1,2,2,2,2,2,3,1,3,1,3,1,2,1,1,1,2,2
5e8a331da861ff7eba14d574,Ensino Superior,Ciências Humanas,NA,UFAL A.C. Simões,3,2,2,2,3,3,3,3,4,3,3,4,4,4,4,4,2,1,2,2,2,2,2
5e8a347fa861ff7eb664f773,Ensino Superior,Ciências da Saúde,NA,UFAL A.C. Simões,3,2,3,3,2,2,3,2,2,2,3,4,2,3,2,4,3,2,4,3,3,3,4
5e8a3535a861ff7eba14d598,Ensino Técnico,Ensino técnico,NA,UFAL A.C. Simões,3,2,2,1,1,1,1,2,2,3,3,2,2,2,1,3,4,1,2,2,2,2,5
5e8a3b38a861ff7eb664f78a,Ensino Superior,Ciências Humanas,Especialização - Concluída,UFAL A.C. Simões,4,5,5,4,3,4,4,3,4,3,4,5,4,5,3,5,5,3,4,3,3,4,4
5e8a4457a861ff7eb664f7bd,Ensino Superior,Ciências Biológicas,NA,UFAL A.C. Simões,2,2,1,1,1,1,1,1,2,1,1,4,1,2,1,3,1,1,1,2,1,1,3
5e8a4ce7a861ff7eba14d603,Ensino Superior,Ciências da Saúde,NA,UFAL A.C. Simões,2,2,2,2,3,3,2,2,2,2,3,3,4,1,1,5,4,2,1,2,3,3,2
5e8a656ca861ff7eba14d628,Ensino Superior,Ciências Exatas e da Terra,NA,UFAL A.C. Simões,1,2,2,1,1,1,2,2,2,2,2,2,1,1,1,2,2,1,1,2,1,2,2
5e8a6be7a861ff7eba14d645,Ensino Superior,Ciências Biológicas;Ciências da Saúde,Especialização - Concluída,UFAL A.C. Simões,1,2,1,2,1,1,1,1,1,2,2,3,1,2,1,3,1,1,3,1,3,1,1
5e8a6f76a861ff7eba14d651,Ensino Superior,Ciências da Saúde,Formação continuada - Concluída,UFAL A.C. Simões,2,2,2,1,1,1,2,3,2,3,2,3,1,2,3,3,2,1,3,2,2,1,3
5e8a7085a861ff7eba14d656,Ensino Superior,Linguística/Letras e Artes,Formação continuada - Concluída,UFAL A.C. Simões,3,5,4,4,3,4,4,3,3,2,3,4,3,3,4,5,5,5,4,4,3,4,4
5e8a70c9a861ff7eba14d658,Ensino Superior,Ciências Humanas,NA,UFAL A.C. Simões,4,4,2,2,2,2,2,3,2,3,3,4,2,3,2,4,2,3,3,2,5,3,2
5e8a7c5aa861ff7eb664f828,Ensino Superior,Ciências Exatas e da Terra,Pós-doutorado - Concluído,UFAL A.C. Simões,4,3,1,1,1,2,2,3,2,4,2,4,2,3,2,4,4,2,4,2,3,3,3
5e8a815aa861ff7eb664f840,Ensino Superior,Engenharias,NA,UFAL A.C. Simões,4,4,4,3,2,2,4,4,5,5,5,4,2,4,3,5,3,1,4,4,2,2,4
5e8b127ba861ff132841abf1,Ensino Superior,Ciências Sociais Aplicadas,NA,UFAL A.C. Simões,4,3,2,1,1,1,1,2,3,2,2,4,2,3,2,5,2,2,1,3,1,2,3
5e8b1a05a861ff132c369fed,Ensino Superior,Ciências Sociais Aplicadas,Formação continuada - Concluída,UFAL A.C. Simões,4,3,2,3,1,1,2,2,4,1,3,3,1,2,2,3,2,1,3,2,1,1,2
5e8b1f08a861ff132841ac37,Ensino Superior,Ciências Biológicas,NA,UFAL A.C. Simões,4,3,2,1,2,2,4,3,3,3,2,4,2,3,2,5,1,2,4,3,2,2,3
5e8b21a5a861ff132841ac4a,Ensino Superior,Ciências Biológicas;Ciências da Saúde,NA,UFAL A.C. Simões,3,2,3,3,1,2,2,2,2,3,3,5,2,4,2,5,2,1,4,2,2,3,3
5e8b2395a861ff132c36a00d,Ensino Superior,Ciências da Saúde,NA,UFAL A.C. Simões,2,2,2,2,1,1,1,2,4,3,4,4,4,2,1,3,2,5,4,4,2,2,3
5e8b2457a861ff132841ac5f,Ensino Superior,Ciências da Saúde,NA,UFAL A.C. Simões,3,3,2,3,3,2,3,3,3,2,3,4,3,4,3,4,4,2,4,4,2,2,4
5e8b2a91a861ff132c36a033,Ensino Superior,Ciências Biológicas,NA,UFAL A.C. Simões,2,2,2,3,3,3,2,3,3,3,2,3,3,4,3,2,3,2,4,3,3,2,2
5e8b2da2a861ff132841af27,Ensino Superior,Ciências Humanas,NA,UFAL A.C. Simões,1,1,1,1,1,1,1,1,1,1,1,2,2,2,2,2,4,1,1,1,1,1,2
5e8b2dbda861ff132c36a2fe,Ensino Superior,Ciências Sociais Aplicadas,Doutorado - Concluído,UFAL A.C. Simões,4,4,5,1,4,2,4,3,4,5,4,4,3,2,2,4,2,4,2,4,3,3,3
5e8b3157a861ff132c36a8d1,Ensino Superior,Ciências Exatas e da Terra,Pós-doutorado - Concluído,UFAL A.C. Simões,2,2,2,1,1,1,1,2,2,1,2,4,1,3,1,5,1,2,2,1,1,2,3
5e8b3182a861ff132c36a91f,Ensino Superior,Ciências Biológicas,Pós-doutorado - Concluído,UFAL A.C. Simões,2,2,1,1,1,2,2,3,3,3,3,4,4,4,4,5,3,3,3,3,2,1,3
5e8b31e8a861ff132841b5d9,Ensino Superior,Ciências Humanas,NA,UFAL A.C. Simões,3,2,2,3,2,2,3,3,4,3,2,4,2,3,2,5,4,1,4,3,2,2,3
5e8b3626a861ff6839af05ce,Ensino Superior,Ciências Sociais Aplicadas;Ciências Exatas e da Terra,NA,UFAL A.C. Simões,2,3,2,2,1,2,2,2,2,3,2,1,2,2,1,2,2,2,3,3,2,2,3
5e8b36b3a861ff6839af063c,Ensino Superior,Ciências da Saúde,Doutorado - Concluído,UFAL A.C. Simões,4,3,2,2,3,3,2,3,3,2,3,2,2,3,3,5,4,3,5,4,2,4,4
5e8b37f7a861ff6835a5c0a0,Ensino Superior,Ciências Exatas e da Terra,NA,UFAL A.C. Simões,5,5,5,4,5,4,2,5,5,3,5,3,3,4,2,3,5,5,5,3,1,4,3
5e8b38a4a861ff6835a5c104,Ensino Superior,Ciências Sociais Aplicadas,NA,UFAL A.C. Simões,1,2,1,2,1,1,1,2,1,1,2,3,1,2,1,4,1,1,3,1,3,2,1
5e8b39a5a861ff6839af07f6,Ensino Superior,Ciências Exatas e da Terra,Formação continuada - Concluída,UFAL A.C. Simões,4,4,5,4,3,2,3,4,3,3,3,4,3,5,3,5,3,4,4,4,5,4,3
5e8b3c35a861ff6835a5c2d4,Ensino Superior,Ciências Humanas,Mestrado - Concluído,UFAL A.C. Simões,3,4,2,2,2,2,3,4,3,2,2,4,2,3,2,4,2,2,3,2,5,3,3
5e8b3c8ba861ff6835a5c2f4,Ensino Superior,Ciências Exatas e da Terra,NA,UFAL A.C. Simões,4,4,2,3,3,2,5,3,4,5,3,3,3,3,3,5,3,4,2,4,2,2,4
5e8b3d3ca861ff6835a5c338,Ensino Superior,Ciências Biológicas,NA,UFAL A.C. Simões,3,2,1,1,3,1,1,2,1,3,2,1,1,2,2,4,2,1,1,3,1,1,2
5e8b41dfa861ff6835a5c464,Ensino Superior,Linguística/Letras e Artes,NA,UFAL A.C. Simões,4,2,3,4,3,2,2,2,2,2,3,3,1,2,1,4,3,3,3,3,2,2,3
5e8b4d25a861ff6835a5c593,Ensino Superior,Ciências Biológicas;Ciências da Saúde,NA,UFAL A.C. Simões,2,2,2,1,1,1,2,2,2,2,2,3,2,3,2,4,2,2,3,1,2,2,3
5e8b4d6da861ff6835a5c59e,Ensino Superior,Ciências Sociais Aplicadas,NA,UFAL A.C. Simões,3,5,2,2,1,1,2,3,2,2,3,3,2,2,2,3,2,2,3,2,2,2,3
5e8b50d3a861ff6835a5c646,Ensino Superior,Linguística/Letras e Artes,NA,UFAL A.C. Simões,2,2,2,1,1,1,2,3,4,3,3,3,3,3,3,4,4,1,3,2,3,2,3
5e8b580ba861ff6839af0daa,Ensino Superior,Ciências da Saúde,NA,UFAL A.C. Simões,4,2,2,1,1,1,4,3,4,4,3,5,2,3,2,4,4,2,4,2,3,2,3
5e8b5a67a861ff6839af0dfa,Ensino Superior,Engenharias,NA,UFAL A.C. Simões,1,2,1,1,1,1,2,2,3,3,3,4,3,3,2,2,3,2,3,3,3,3,3
5e8b5c91a861ff6835a5c7ba,Ensino Superior,Ciências Exatas e da Terra,Formação continuada - Concluída;Formação continuada - Em andamento,UFAL A.C. Simões,4,3,5,3,4,3,3,3,4,4,3,4,3,4,4,4,3,2,4,4,2,2,3
5e8b626da861ff6835a5c837,Ensino Superior,Ciências Sociais Aplicadas,NA,UFAL A.C. Simões,3,3,2,3,1,1,2,3,4,2,3,4,1,2,2,4,2,1,4,5,3,2,3
5e8b6656a861ff6839af0ef7,Ensino Superior,Engenharias,NA,UFAL A.C. Simões,2,2,1,2,3,1,2,3,2,2,2,3,1,2,2,3,2,1,3,2,1,1,2
5e8b6786a861ff6839af0f04,Ensino Superior,Ciências Sociais Aplicadas,NA,UFAL A.C. Simões,2,2,2,2,3,1,1,3,2,2,3,4,3,3,2,4,2,1,2,3,3,2,3
5e8b6a51a861ff6835a5c8bd,Ensino Superior,Ciências da Saúde,NA,UFAL A.C. Simões,3,2,2,3,1,2,2,4,3,3,2,4,3,3,2,4,2,2,4,2,4,4,4
5e8b6a9da861ff6839af0f14,Ensino Superior,Ciências da Saúde,NA,UFAL A.C. Simões,1,2,2,2,1,1,3,3,2,4,3,3,2,3,2,5,2,2,1,4,2,2,4
5e8b6ef8a861ff6839af0f5a,Ensino Superior,Ciências Sociais Aplicadas,NA,UFAL A.C. Simões,2,2,1,1,1,1,2,2,1,2,2,3,3,4,2,3,2,1,2,2,2,2,2
5e8b72a6a861ff6839af0f81,Ensino Superior,Engenharias,NA,UFAL A.C. Simões,1,2,2,1,1,1,1,2,2,2,1,1,1,2,1,3,2,1,2,1,1,1,2
5e8b72b4a861ff6839af0f85,Ensino Superior,Ciências Exatas e da Terra,Formação continuada - Concluída,UFAL A.C. Simões,5,3,3,1,1,1,1,2,4,2,3,5,2,5,2,5,2,2,4,3,1,2,2
5e8b73e7a861ff6835a5c97c,Ensino Superior,Ciências Humanas,NA,UFAL A.C. Simões,1,2,5,4,3,1,2,3,1,2,2,3,3,2,2,3,3,1,1,2,1,2,3
5e8b75aaa861ff6835a5c9d6,Ensino Superior,Ciências Biológicas,NA,UFAL A.C. Simões,1,1,1,1,1,1,1,2,1,1,2,4,2,3,2,2,1,1,1,2,1,2,1
5e8b793ca861ff6839af1073,Ensino Superior,Linguística/Letras e Artes,Formação continuada - Concluída;Formação continuada - Em andamento,UFAL A.C. Simões,3,3,2,1,1,1,1,2,2,1,3,3,1,3,1,4,1,2,2,1,1,1,3
5e8b83c3a861ff6835a5cb0c,Ensino Superior,Ciências da Saúde,Pós-doutorado - Concluído,UFAL A.C. Simões,4,5,2,4,3,2,3,3,4,3,3,4,4,3,2,4,4,2,5,3,2,4,3
5e8b8669a861ff6839af113c,Ensino Superior,Ciências da Saúde,NA,UFAL A.C. Simões,3,2,1,1,2,2,1,2,1,3,2,4,2,3,2,4,2,1,2,2,1,1,4
5e8b87a1a861ff6835a5cb5c,Ensino Superior,Engenharias,Formação continuada - Concluída,UFAL A.C. Simões,3,4,3,3,1,1,2,2,4,2,4,4,2,2,2,5,4,1,5,2,3,5,5
5e8b911ba861ff6839af11d2,Ensino Superior,Ciências Exatas e da Terra,NA,UFAL A.C. Simões,2,2,3,3,3,2,4,3,3,3,3,4,2,4,2,3,2,1,3,3,3,2,3
5e8b966aa861ff6839af11e4,Ensino Superior,Ciências Biológicas;Ciências da Saúde,NA,UFAL A.C. Simões,3,2,2,2,1,2,2,3,2,3,3,4,2,3,2,5,1,3,3,3,1,3,3
5e8ba590a861ff6839af12ac,Ensino Superior,Ciências da Saúde,NA,UFAL A.C. Simões,2,3,1,1,2,2,2,2,1,2,2,2,3,3,3,3,3,2,3,3,3,2,3
5e8baf7ba861ff6839af1310,Ensino Superior,Ciências Biológicas;Ciências da Saúde,NA,UFAL A.C. Simões,3,2,1,1,1,1,1,3,2,3,3,3,2,2,2,3,2,2,4,3,3,3,3
5e8bc5ada861ff6839af1399,Ensino Superior,Ciências da Saúde,Doutorado - Concluído,UFAL A.C. Simões,4,4,5,2,3,2,2,3,3,2,3,4,2,3,4,3,2,1,2,2,2,2,3
5e8bc6a5a861ff6835a5cdad,Ensino Superior,Ciências da Saúde,Doutorado - Concluído,UFAL A.C. Simões,2,2,2,2,3,2,2,2,3,2,3,5,2,3,3,5,4,2,3,3,3,2,3
5e8bd177a861ff6839af13ed,Ensino Superior,Ciências da Saúde,NA,UFAL A.C. Simões,1,1,1,1,1,1,1,2,3,2,3,1,1,1,1,2,2,1,1,1,1,2,2
5e8bd9cba861ff6835a5ce2c,Ensino Superior,Ciências Biológicas,Formação continuada - Concluída,UFAL A.C. Simões,4,3,5,4,2,4,2,3,4,2,3,4,2,4,2,5,2,3,4,4,1,1,1
5e8c58caa861ff6ff383c55d,Ensino Superior,Ciências da Saúde,Doutorado - Concluído,UFAL A.C. Simões,4,3,2,3,1,2,2,3,4,5,4,4,2,3,3,5,4,3,5,3,4,4,4
5e8c60daa861ff6fefca95f2,Ensino Superior,Ciências da Saúde,Doutorado - Concluído,UFAL A.C. Simões,2,2,1,1,1,1,1,2,2,3,3,4,3,2,3,4,3,1,3,2,2,2,4
5e8c645da861ff6fefca9609,Ensino Superior,Ciências Humanas,NA,UFAL A.C. Simões,2,2,1,1,1,1,1,2,2,3,2,3,1,3,2,5,3,1,2,2,1,2,3
5e8c671aa861ff6fefca9623,Ensino Superior,Ciências Humanas,Formação continuada - Em andamento,UFAL A.C. Simões,2,2,1,1,1,1,1,2,2,2,1,4,1,2,1,3,1,1,1,2,1,1,1
5e8c7124a861ff2e90d6a263,Ensino Superior,Ciências Biológicas,NA,UFAL A.C. Simões,4,3,4,4,3,3,2,3,4,3,3,4,3,2,3,3,4,3,3,4,3,4,3
5e8c7773a861ff2e90d6a280,Ensino Superior,Ciências Humanas,NA,UFAL A.C. Simões,2,1,2,1,1,1,1,2,2,1,1,1,1,2,1,4,1,1,1,2,1,1,2
5e8c7b39a861ff2e94d12f5e,Ensino Superior,Ciências da Saúde,Doutorado - Concluído,UFAL A.C. Simões,4,3,2,3,3,2,3,3,2,2,3,3,3,2,2,3,3,1,2,2,1,2,3
5e8c7d3da861ff2e94d12f72,Ensino Superior,Ciências da Saúde,NA,UFAL A.C. Simões,3,3,2,3,3,3,3,3,3,2,3,3,2,3,3,4,4,4,4,4,3,4,3
5e8c82b5a861ff2e90d6a2b5,Ensino Superior,Engenharias,NA,UFAL A.C. Simões,3,4,4,3,1,2,3,3,2,3,3,3,1,2,1,5,2,1,4,2,3,2,3
5e8b7816a861ff6839af1056,Ensino Superior,Ciências da Saúde,Formação continuada - Concluída,UFAL A.C. Simões,3,2,2,1,1,1,1,2,4,2,4,2,1,1,1,4,1,1,4,2,2,2,1
5e8c8790a861ff2e94d12fac,Ensino Superior,Ciências da Saúde,NA,UFAL A.C. Simões,1,3,1,1,1,2,1,2,2,2,3,3,2,2,2,4,4,1,1,2,1,2,2
5e8c87a4a861ff2e90d6a2e1,Ensino Superior,Ciências Exatas e da Terra,Pós-doutorado - Concluído,UFAL A.C. Simões,3,1,1,1,4,2,1,2,1,1,1,3,2,3,1,2,2,1,3,1,2,2,3
5e8c86cfa861ff2e94d12fa7,Ensino Superior,Ciências Biológicas;Ciências da Saúde,NA,UFAL A.C. Simões,5,4,4,3,1,1,3,3,4,5,3,4,1,3,2,5,2,1,4,4,3,3,4
5e8c900ea861ff47fb25fc89,Ensino Superior,Ciências Humanas,NA,UFAL A.C. Simões,2,2,1,1,1,1,2,2,2,3,2,3,1,3,1,5,2,2,3,2,3,2,3
5e8c9918a861ff47fb25fcc4,Ensino Superior,Ciências Humanas,Pós-doutorado - Concluído,UFAL A.C. Simões,5,4,5,5,5,5,4,4,5,5,5,4,4,4,5,4,5,5,4,4,4,4,5
5e8c9f4ca861ff47f7768f62,Ensino Superior,Ciências Biológicas,NA,UFAL A.C. Simões,3,2,1,1,1,1,1,2,3,2,1,2,1,2,2,2,1,2,1,1,2,1,2
5e8ca2baa861ff47fb25fd0b,Ensino Superior,Ciências Exatas e da Terra,NA,UFAL A.C. Simões,3,2,1,2,2,1,1,2,5,2,1,4,1,1,2,4,1,1,3,1,1,2,1
5e8cbeada861ff47f7768fde,Ensino Superior,Ciências Sociais Aplicadas,Formação continuada - Concluída,UFAL A.C. Simões,4,4,5,2,4,2,3,2,3,3,3,4,3,3,2,4,2,3,3,2,3,4,4
5e8cce98a861ff47fb25fde8,Ensino Superior,Ciências Biológicas,NA,UFAL A.C. Simões,2,2,1,1,1,1,1,2,2,2,3,3,1,3,1,3,2,1,5,3,1,2,3
5e8cdae3a861ff47fb25fe2a,Ensino Superior,Linguística/Letras e Artes;Ciências Humanas,NA,UFAL A.C. Simões,2,2,3,2,3,3,3,2,2,2,3,4,2,3,2,5,2,2,1,4,1,2,3
5e8cdb83a861ff47f7769060,Ensino Superior,Ciências Exatas e da Terra,Doutorado - Concluído,UFAL A.C. Simões,2,3,2,1,2,1,1,2,2,2,2,3,1,3,3,3,2,4,1,2,1,2,3
5e8cdc0ea861ff47fb25fe33,Ensino Superior,Ciências da Saúde;Ciências Biológicas,Formação continuada - Concluída,UFAL A.C. Simões,3,4,3,3,5,1,3,3,4,4,4,4,4,3,3,5,4,2,4,4,4,4,4
5e8ce3cba861ff47fb25fe51,Ensino Superior,Ciências da Saúde,NA,UFAL A.C. Simões,2,2,1,1,1,1,1,2,2,2,2,4,2,2,2,3,1,1,3,2,3,2,3
5e8cee38a861ff47fb25fe6f,Ensino Superior,Ciências Exatas e da Terra,Formação continuada - Concluída,UFAL A.C. Simões,4,3,3,4,3,4,3,4,3,4,3,4,2,3,3,4,3,5,4,4,4,3,3
5e8cf2b4a861ff47f77690bc,Ensino Superior,Ciências da Saúde,Formação continuada - Concluída,UFAL A.C. Simões,3,2,2,3,3,3,3,3,4,3,3,4,3,4,3,5,3,5,4,4,4,4,4
5e8d1446a861ff47fb25ff60,Ensino Superior,Ciências da Saúde,Doutorado - Concluído,UFAL A.C. Simões,3,5,2,5,5,4,4,2,5,3,2,4,2,3,3,4,4,4,4,4,3,3,3
5e8dd8fea861ff1ea2a14634,Ensino Superior,Ciências Exatas e da Terra,NA,UFAL A.C. Simões,4,2,3,2,1,1,1,3,4,3,2,3,1,4,2,4,2,1,4,1,2,4,3
5e8de11ba861ff1e9eff44c1,Ensino Superior,Linguística/Letras e Artes,NA,UFAL A.C. Simões,1,2,1,1,1,1,2,2,2,2,2,4,2,3,2,3,2,2,1,2,1,2,2
5e8e059fa861ff1e9eff451a,Ensino Técnico,Ensino técnico,Especialização - Em andamento,UFAL A.C. Simões,3,4,5,3,4,3,3,3,4,5,3,4,3,2,3,4,4,2,3,2,2,2,3
5e8e1958a861ff1e9eff4536,Ensino Superior,Ciências Sociais Aplicadas,Mestrado - Concluído,UFAL A.C. Simões,3,2,4,2,1,2,4,3,3,3,3,4,2,3,2,5,2,1,3,3,3,2,3
5e8e3f82a861ff25bf3a560e,Ensino Superior,Ciências Biológicas,NA,UFAL A.C. Simões,2,1,1,1,1,1,1,2,2,1,1,3,1,2,1,3,1,1,3,1,1,2,2
5e8f1ef8a861ff3023f7085e,Ensino Superior,Ciências Humanas,NA,UFAL A.C. Simões,5,5,5,4,3,4,5,5,3,2,2,3,2,3,2,4,3,4,4,4,3,2,3
5e8f2171a861ff3023f70869,Ensino Superior,Ciências Exatas e da Terra,NA,UFAL A.C. Simões,2,3,2,3,3,3,4,3,5,4,3,4,3,2,1,4,2,3,2,3,1,1,2
5e8f328aa861ff3023f7086a,Ensino Superior,Linguística/Letras e Artes,Formação continuada - Concluída,UFAL A.C. Simões,3,4,3,4,4,3,4,3,4,5,4,4,4,4,3,5,5,3,3,4,4,3,4
5e8f32d2a861ff3023f7086f,Ensino Superior,Engenharias,NA,UFAL A.C. Simões,3,2,3,2,1,1,1,2,4,2,2,2,2,2,2,3,1,1,4,2,3,2,3
5e8f35b2a861ff3023f70888,Ensino Superior,Linguística/Letras e Artes,Doutorado - Concluído,UFAL A.C. Simões,3,4,1,1,1,1,2,2,2,3,3,4,2,2,2,4,3,5,5,4,4,4,3
5e8f4d06a861ff3027b947e5,Ensino Superior,Linguística/Letras e Artes,NA,UFAL A.C. Simões,3,4,3,1,3,1,2,3,2,3,4,4,3,4,3,5,4,3,3,3,1,3,4
5e8f534ea861ff3027b947f1,Ensino Superior,Linguística/Letras e Artes,Formação continuada - Concluída,UFAL A.C. Simões,4,4,2,3,4,4,3,5,4,3,3,4,4,4,3,4,4,4,4,4,5,4,4
5e8f5416a861ff3023f708f4,Ensino Superior,Linguística/Letras e Artes,Formação continuada - Concluída,UFAL A.C. Simões,1,3,2,1,1,1,2,2,2,2,2,4,2,3,1,5,2,2,1,1,1,1,2
5e8f6906a861ff3027b9480d,Ensino Superior,Linguística/Letras e Artes,Formação continuada - Concluída,UFAL A.C. Simões,3,3,2,4,4,2,3,3,3,3,3,3,2,2,1,4,3,1,3,2,3,2,3
5e8f770da861ff3023f70958,Ensino Superior,Ciências Sociais Aplicadas,NA,UFAL A.C. Simões,2,2,4,1,1,1,3,3,2,3,3,2,2,2,1,4,1,2,1,2,2,2,3
5e8f7b54a861ff3023f70969,Ensino Superior,Linguística/Letras e Artes,NA,UFAL A.C. Simões,2,2,1,2,1,1,2,2,2,2,2,3,1,2,2,3,2,2,3,2,3,2,3
5e8f8180a861ff3027b9484b,Ensino Superior,Ciências Exatas e da Terra,Formação continuada - Concluída,UFAL A.C. Simões,2,2,2,4,3,2,1,2,2,3,3,5,2,3,2,4,2,1,4,2,2,3,3
5e8f8f05a861ff3027b94877,Ensino Superior,Ciências Biológicas,NA,UFAL A.C. Simões,3,2,2,1,2,2,2,3,3,2,3,3,2,2,2,4,4,2,3,4,2,3,4
5e8fb660a861ff3023f709db,Ensino Superior,Ciências da Saúde,Doutorado - Concluído,UFAL A.C. Simões,3,4,5,4,3,3,3,3,3,3,3,4,3,3,4,5,4,3,5,4,4,4,4
5e8fc3fca861ff3023f709f3,Ensino Superior,Linguística/Letras e Artes,NA,UFAL A.C. Simões,3,5,5,4,3,4,4,3,4,4,5,3,4,3,4,4,4,5,4,4,3,4,5
5e8fc4b4a861ff3027b948a9,Ensino Superior,Ciências Humanas,NA,UFAL A.C. Simões,3,2,2,1,3,1,3,2,2,2,3,4,2,4,2,3,2,1,3,2,3,2,3
5e907623a861ff49215e3290,Ensino Superior,Linguística/Letras e Artes,NA,UFAL A.C. Simões,1,2,4,2,1,1,3,1,4,2,3,2,5,2,2,4,2,2,4,4,3,5,5
5e90814ca861ff4925848a37,Ensino Superior,Linguística/Letras e Artes,Doutorado - Concluído,UFAL A.C. Simões,4,2,5,5,5,4,3,3,3,4,2,4,3,3,3,3,4,1,3,3,1,1,2
5e90dfcfa861ff4925848a8e,Ensino Superior,Linguística/Letras e Artes,NA,UFAL A.C. Simões,2,2,1,1,1,1,1,2,1,2,1,4,2,4,2,2,2,2,1,2,1,1,1
5e90e833a861ff4925848a9f,Ensino Superior,Ciências da Saúde,NA,UFAL A.C. Simões,2,2,1,1,1,1,1,2,2,2,2,1,1,2,1,3,2,1,3,1,1,2,2
5e911aafa861ff4925848ac9,Ensino Superior,Ciências da Saúde,Formação continuada - Em andamento,UFAL A.C. Simões,3,2,2,2,2,2,2,2,1,3,2,3,1,2,1,3,1,1,3,2,2,2,2
5e91be71a861ff59adc58000,Ensino Superior,Ciências Humanas,NA,UFAL A.C. Simões,2,2,2,1,1,1,1,2,2,2,2,4,1,2,2,3,2,1,1,1,1,2,3
5e91ce60a861ff59adc58018,Ensino Superior,Linguística/Letras e Artes,NA,UFAL A.C. Simões,4,4,2,3,3,2,2,3,4,3,4,5,4,3,2,4,3,3,3,3,3,2,4
5e92f650a861ff68336d084c,Ensino Superior,Ciências da Saúde,NA,UFAL A.C. Simões,5,4,4,4,4,4,4,5,5,5,4,5,2,4,2,3,3,5,5,2,3,2,5
5e944d3fa861ff7896812ca1,Ensino Superior,Ciências Humanas,NA,UFAL A.C. Simões,2,2,2,1,1,1,2,2,2,3,2,1,1,2,2,4,4,2,3,3,3,3,3
5e945ae3a861ff7892432234,Ensino Superior,Linguística/Letras e Artes,Formação continuada - Concluída,UFAL A.C. Simões,3,3,2,4,1,4,4,3,2,2,2,4,2,2,2,5,2,2,3,3,4,4,3
5e946eb5a861ff789243224e,Ensino Superior,Ciências Sociais Aplicadas,Formação continuada - Concluída;Formação continuada - Em andamento,UFAL A.C. Simões,4,2,2,2,3,2,3,3,4,2,3,3,2,2,2,4,2,1,4,4,2,2,2
5e947071a861ff7896812cea,Ensino Superior,Ciências Sociais Aplicadas,NA,UFAL A.C. Simões,2,2,1,1,1,1,1,2,2,2,2,2,1,2,1,2,2,1,1,2,1,2,2
5e947159a861ff7896812cf0,Ensino Superior,Ciências Sociais Aplicadas;Engenharias,Doutorado - Em andamento,UFAL A.C. Simões,5,4,5,4,5,3,3,3,4,3,3,5,3,4,3,4,4,3,4,3,3,4,3
5e947b75a861ff789243227b,Ensino Superior,Linguística/Letras e Artes,Formação continuada - Em andamento,UFAL A.C. Simões,3,3,2,4,3,1,2,2,3,2,3,2,2,3,2,3,2,2,5,2,4,4,3
5e947c08a861ff789243227e,Ensino Superior,Ciências da Saúde,NA,UFAL A.C. Simões,2,2,1,1,3,4,1,3,2,2,3,4,2,3,2,2,1,1,4,4,2,2,3
5e947d14a861ff7892432286,Ensino Superior,Engenharias,Formação continuada - Em andamento,UFAL A.C. Simões,2,2,2,1,1,1,2,2,1,3,3,2,1,2,2,2,1,1,1,1,1,2,3
5e9482a2a861ff7892432292,Ensino Técnico,Ensino técnico,NA,UFAL A.C. Simões,4,3,3,3,2,1,1,2,1,3,3,3,2,1,2,3,4,1,3,2,2,2,2
5e948f03a861ff7896812d67,Ensino Superior,Ciências da Saúde,NA,UFAL A.C. Simões,2,2,1,1,2,2,2,2,2,2,2,4,1,3,2,3,2,2,2,2,2,2,3
5e9492cda861ff78924322e7,Ensino Superior,Ciências Sociais Aplicadas,NA,UFAL A.C. Simões,4,3,3,4,3,3,3,2,3,3,2,4,2,4,2,5,2,2,3,4,3,4,5
5e949de0a861ff7892432311,Ensino Superior,Linguística/Letras e Artes,NA,UFAL A.C. Simões,2,2,2,3,3,2,2,3,4,3,3,5,2,4,2,5,3,1,5,4,2,2,3
5e949fa4a861ff789243231a,Ensino Superior,Ciências Sociais Aplicadas,Formação continuada - Concluída,UFAL A.C. Simões,2,5,5,1,2,2,2,2,1,2,3,2,3,2,2,4,2,3,4,3,2,3,3
5e94ab3fa861ff7896812dad,Ensino Superior,Ciências Exatas e da Terra,Mestrado - Concluído,UFAL A.C. Simões,4,5,3,4,3,4,4,4,4,5,5,4,3,4,4,5,5,4,5,3,4,4,3
5e94bd37a861ff7892432380,Ensino Superior,Ciências da Saúde,NA,UFAL A.C. Simões,1,1,1,1,1,1,1,2,2,2,2,1,1,2,2,2,1,1,3,1,1,2,2
5e94bd54a861ff7892432381,Ensino Superior,Ciências da Saúde,Doutorado - Concluído,UFAL A.C. Simões,2,2,2,1,1,2,2,2,2,3,2,4,2,3,2,3,3,2,2,3,3,2,3
5e94cdf7a861ff789243241c,Ensino Superior,Ciências da Saúde,NA,UFAL A.C. Simões,2,4,2,1,1,1,4,3,3,3,4,3,2,2,2,5,3,1,4,2,2,3,3
5e94d558a861ff7896812e72,Ensino Superior,Ciências Humanas,NA,UFAL A.C. Simões,4,2,2,2,1,2,2,3,3,2,2,3,3,3,3,5,4,2,3,3,1,4,3
5e94e62ca861ff7892432450,Ensino Superior,Ciências Humanas,NA,UFAL A.C. Simões,2,2,2,1,2,2,2,3,2,3,2,5,1,3,1,3,2,1,2,2,2,1,3
5e94e6bca861ff7892432458,Ensino Superior,Ciências da Saúde,Formação continuada - Concluída,UFAL A.C. Simões,3,3,2,3,3,1,2,3,2,3,3,4,4,5,2,4,2,1,3,5,3,2,3
5e94e850a861ff789243246b,Ensino Superior,Ciências Sociais Aplicadas,Formação continuada - Concluída,UFAL A.C. Simões,4,3,3,2,3,1,5,3,3,2,3,4,1,3,2,3,4,4,3,3,2,2,3
5e95b898a861ff1209567c91,Ensino Superior,Ciências Humanas,NA,UFAL A.C. Simões,4,4,2,2,2,2,2,3,4,3,2,5,2,3,3,4,3,2,2,3,3,1,2
5e95fab2a861ff59ee4803b5,Ensino Superior,Ciências da Saúde,Formação continuada - Em andamento,UFAL A.C. Simões,3,2,1,1,2,4,2,2,3,3,2,4,2,2,2,3,1,1,2,2,2,2,2
5e95ffdda861ff59eaf4da2e,Ensino Superior,Ciências da Saúde,NA,UFAL A.C. Simões,2,3,2,1,2,2,2,2,3,2,2,5,2,3,2,4,1,1,3,2,2,2,3
5e9608d2a861ff59eaf4da60,Ensino Superior,Ciências Exatas e da Terra,NA,UFAL A.C. Simões,2,2,1,1,1,1,1,2,2,2,2,4,1,3,2,5,1,1,2,2,2,2,3
5e96fe64a861ff2b84394b19,Ensino Superior,Ciências da Saúde,NA,UFAL A.C. Simões,2,2,3,2,1,2,2,3,3,3,3,2,2,2,2,2,3,3,4,2,2,3,4
5e9713aea861ff2b80c2a150,Ensino Superior,Ciências da Saúde,Formação continuada - Em andamento,UFAL A.C. Simões,3,4,2,3,4,2,5,3,3,3,3,4,1,1,1,5,4,3,4,4,2,4,5
5e97591ea861ff2b84394bec,Ensino Superior,Ciências Biológicas,Formação continuada - Em andamento,UFAL A.C. Simões,3,4,2,2,3,2,4,3,4,3,3,4,2,4,3,5,2,3,5,4,4,4,4
5e976471a861ff2b84394d69,Ensino Superior,Ciências Sociais Aplicadas,Doutorado - Concluído,UFAL A.C. Simões,3,2,2,1,1,1,2,3,4,3,2,4,2,3,2,5,2,1,3,3,2,2,2
5e97a584a861ff6164ef6c6d,Ensino Superior,Ciências da Saúde,NA,UFAL A.C. Simões,2,2,3,1,1,1,1,2,2,2,2,4,1,3,2,5,2,1,3,2,2,3,3
5e8b4adca861ff6839af0b99,Ensino Superior,Ciências Humanas,Formação continuada - Concluída,UFAL A.C. Simões,4,3,2,2,2,4,4,3,3,3,3,4,2,3,3,4,4,3,4,4,3,4,3
5e98f764a861ff4f90c06714,Ensino Superior,Engenharias,NA,UFAL A.C. Simões,3,2,3,2,3,2,3,3,2,3,3,1,2,3,2,5,1,2,1,3,1,2,3
5e9972fda861ff6ad775989b,Ensino Superior,Ciências da Saúde,NA,UFAL A.C. Simões,2,2,2,1,3,1,1,3,2,3,2,5,1,2,2,3,1,1,2,2,1,2,1
5e99cb19a861ff6ad77598d0,Ensino Superior,Ciências da Saúde,Doutorado - Concluído,UFAL A.C. Simões,3,3,2,4,3,4,4,5,5,4,3,4,3,5,5,5,5,5,3,4,3,5,5
5e99d6faa861ff6ad77598ea,Ensino Superior,Ciências da Saúde,Mestrado - Concluído,UFAL A.C. Simões,4,3,2,3,3,4,4,5,5,5,3,4,3,5,5,5,4,4,3,4,3,5,4
5e9a0f70a861ff6ad3ac0194,Ensino Superior,Linguística/Letras e Artes;Ciências Humanas,NA,UFAL A.C. Simões,3,3,2,2,1,1,3,3,4,3,3,4,2,4,2,5,4,3,4,4,4,4,3
5e9a46a9a861ff6ad7759d54,Ensino Superior,Linguística/Letras e Artes,NA,UFAL A.C. Simões,2,2,2,2,1,2,2,2,2,3,3,3,3,3,2,3,2,2,2,2,2,2,2
5e9a48d5a861ff6ad7759d79,Ensino Superior,Engenharias,Formação continuada - Concluída,UFAL A.C. Simões,2,2,1,1,1,1,3,2,3,2,2,3,2,3,2,3,1,1,2,2,2,4,3
5e9a4e7aa861ff6ad3ac0517,Ensino Superior,Linguística/Letras e Artes,Formação continuada - Concluída,UFAL A.C. Simões,3,4,3,3,3,3,3,3,4,4,3,3,4,3,3,4,4,4,4,4,4,4,4
5e9b04e1a861ff1573821a39,Ensino Superior,Ciências Sociais Aplicadas,NA,UFAL A.C. Simões,3,2,2,2,2,2,2,1,2,2,2,1,1,1,1,2,1,1,1,1,2,1,1
5e9b1874a861ff156f61bc41,Ensino Superior,Engenharias,Pós-doutorado - Concluído,UFAL A.C. Simões,3,2,1,1,3,2,2,3,2,2,2,3,1,3,2,3,1,1,2,3,1,2,3
5e9b2a45a861ff156f61bc87,Ensino Superior,Ciências Exatas e da Terra,NA,UFAL A.C. Simões,3,2,1,1,1,2,2,3,4,5,3,1,1,1,1,3,3,3,3,1,1,1,1
5e9c4035a861ff28871f28a9,Ensino Superior,Ciências Exatas e da Terra,Formação continuada - Em andamento,UFAL A.C. Simões,2,2,2,1,2,1,1,2,2,2,2,4,1,4,2,4,1,1,3,2,1,2,2
5e9c4543a861ff288b0029e3,Ensino Superior,Ciências da Saúde,Formação continuada - Em andamento,UFAL A.C. Simões,2,2,2,3,2,1,1,3,3,4,3,4,3,2,2,4,3,1,4,1,1,2,3
5e9caddba861ff288b002a78,Ensino Superior,Ciências Humanas,NA,UFAL A.C. Simões,4,3,2,3,3,2,4,3,3,2,3,4,2,3,2,5,2,1,3,2,3,2,3
5e9cd8d4a861ff288b002a9f,Ensino Superior,Ciências Humanas;Linguística/Letras e Artes,NA,UFAL A.C. Simões,5,4,5,3,4,2,3,3,2,3,3,4,4,4,2,4,3,1,4,2,3,2,4
5e9cf5d3a861ff28871f2995,Ensino Superior,Ciências da Saúde,Formação continuada - Em andamento,UFAL A.C. Simões,3,3,3,3,3,1,2,3,4,4,3,4,1,2,2,5,2,2,4,4,3,2,2
5e9cf691a861ff288b002ab2,Ensino Superior,Engenharias,NA,UFAL A.C. Simões,2,2,2,2,3,1,2,3,3,3,2,3,2,2,2,3,2,1,3,2,2,3,3
5e9d8b77a861ff3b572b80fb,Ensino Superior,Ciências Exatas e da Terra,Formação continuada - Em andamento,UFAL A.C. Simões,3,2,2,2,2,2,2,2,2,2,2,2,1,2,1,3,2,2,2,2,1,2,3
5e9dd3c6a861ff3b572b81ff,Ensino Superior,Ciências Sociais Aplicadas,Especialização - Concluída,UFAL A.C. Simões,2,2,2,3,3,3,3,3,2,3,3,4,4,3,3,4,4,2,4,4,3,2,3
5e9de70fa861ff3b5bb0fa2a,Ensino Superior,Ciências Biológicas,NA,UFAL A.C. Simões,3,2,2,1,1,2,3,3,3,2,3,5,2,2,2,3,2,2,2,3,1,2,4
5e9dfecfa861ff3b5bb0fa5f,Ensino Superior,Ciências da Saúde,NA,UFAL A.C. Simões,2,2,1,2,1,1,3,3,2,3,3,4,1,2,1,5,1,1,4,1,3,4,3
5e9e0b40a861ff3b5bb0fa7e,Ensino Superior,Ciências da Saúde,NA,UFAL A.C. Simões,2,3,2,2,1,2,2,3,3,3,2,4,2,1,1,3,2,1,1,1,2,2,2
5e9e0edaa861ff3b572b82d4,Ensino Superior,Ciências Sociais Aplicadas,Mestrado - Concluído,UFAL A.C. Simões,4,4,4,3,3,2,4,3,3,3,3,5,2,4,2,4,2,2,4,4,2,2,4
5e9e0efba861ff3b5bb0faa1,Ensino Superior,Ciências da Saúde,NA,UFAL A.C. Simões,3,2,1,1,1,1,1,3,2,3,2,4,3,3,2,4,2,2,2,2,1,1,3
5e9e2797a861ff3b5bb0fae9,Ensino Superior,Ciências Exatas e da Terra,NA,UFAL A.C. Simões,3,3,4,4,3,2,2,4,3,3,4,4,2,4,2,4,2,3,3,3,3,2,2
5e9e4316a861ff3b5bb0fb22,Ensino Superior,Ciências da Saúde,Doutorado - Concluído,UFAL A.C. Simões,2,3,1,1,2,1,2,2,1,3,2,3,1,2,2,3,1,1,2,2,3,2,3
5e9e5333a861ff3b572b83a3,Ensino Superior,Ciências Exatas e da Terra;Engenharias,Pós-doutorado - Concluído;Doutorado - Concluído;Mestrado - Concluído;Graduação - Concluída;Formação continuada - Em andamento,UFAL A.C. Simões,5,5,5,4,3,4,1,4,4,3,5,4,4,5,1,4,2,4,3,3,1,2,4
5e9f09dea861ff5703fb71e4,Ensino Superior,Engenharias,NA,UFAL A.C. Simões,2,2,2,1,1,1,1,1,1,1,1,2,1,2,1,3,1,1,3,1,2,1,1
5e9f0c11a861ff57078b1350,Ensino Superior,Ciências Sociais Aplicadas,NA,UFAL A.C. Simões,3,4,3,3,3,4,5,2,5,5,2,4,4,4,2,4,3,3,4,4,2,4,3
5e9f308ca861ff57078b1385,Ensino Superior,Engenharias,NA,UFAL A.C. Simões,4,3,2,2,3,3,3,4,2,3,2,3,3,3,3,2,4,3,3,4,2,4,2
5e9f9ceea861ff5703fb72f0,Ensino Superior,Ciências Sociais Aplicadas,NA,UFAL A.C. Simões,2,2,2,2,1,2,2,2,1,2,2,3,2,3,3,3,2,2,2,2,1,2,2
5e9ff5e5a861ff6b26ef5c1e,Ensino Superior,Ciências da Saúde,NA,UFAL A.C. Simões,4,2,1,1,1,2,2,3,3,2,2,4,2,2,3,3,2,1,3,2,2,3,2
5ea02a2fa861ff6b228ebcac,Ensino Superior,Ciências Exatas e da Terra,NA,UFAL A.C. Simões,5,2,2,2,3,2,3,2,3,3,3,5,2,5,2,5,2,3,4,3,3,2,3
5ea0321aa861ff6b26ef5c3e,Ensino Superior,Ciências da Saúde,NA,UFAL A.C. Simões,4,2,1,1,1,1,1,1,2,1,1,4,1,3,1,3,1,1,1,1,3,1,4
5ea03d1aa861ff6b228ebccc,Ensino Superior,Ciências Exatas e da Terra,Mestrado - Concluído,UFAL A.C. Simões,1,2,2,3,1,1,2,2,2,3,2,2,1,2,1,3,1,1,3,2,1,2,3
5ea04386a861ff6b228ebcf4,Ensino Superior,Engenharias;Ciências Biológicas;Ciências Exatas e da Terra,NA,UFAL A.C. Simões,4,5,4,2,3,2,1,2,3,3,3,3,2,3,3,4,2,2,1,3,2,2,3
5ea20211a861ff04117318db,Ensino Superior,Ciências Exatas e da Terra;Engenharias,NA,UFAL A.C. Simões,2,3,2,1,3,1,2,2,2,2,3,4,1,2,1,3,1,2,3,3,1,2,3
5ea26477a861ff040d5d236a,Ensino Superior,Ciências Humanas,NA,UFAL A.C. Simões,3,2,5,1,2,1,2,3,1,2,4,1,1,2,1,3,3,5,1,1,1,1,3
5ea5eb2aa861ff360e5f6110,Ensino Superior,Ciências Sociais Aplicadas,Formação continuada - Em andamento,UFAL A.C. Simões,3,2,2,3,1,1,3,2,2,2,3,5,3,3,3,5,3,1,3,4,3,2,3
5e883b87a861ff6760681bf3,Ensino Superior,Ciências Agrárias,NA,UFAL CECA,2,2,2,3,1,1,1,2,2,2,2,3,1,2,1,3,1,1,3,3,1,1,3
5e88e28aa861ff675c201d52,Ensino Superior,Engenharias,NA,UFAL CECA,2,1,2,2,1,2,2,4,4,4,2,4,2,3,3,5,4,2,3,3,3,4,5
5e8b0f58a861ff132c369fac,Ensino Superior,Ciências Agrárias,Formação continuada - Concluída,UFAL CECA,3,2,2,1,1,2,2,2,2,2,2,3,2,3,3,3,2,1,2,2,2,2,3
5e8b42f4a861ff6839af0a93,Ensino Superior,Ciências Agrárias,NA,UFAL CECA,3,2,1,2,1,3,2,3,3,2,2,4,2,4,1,4,2,1,4,3,2,3,3
5e8b83b5a861ff6839af110e,Ensino Superior,Ciências Agrárias,NA,UFAL CECA,2,4,3,3,3,3,3,3,3,3,3,4,2,3,2,5,1,1,3,3,3,2,3
5e8b9f2da861ff6835a5ccbc,Ensino Superior,Ciências Agrárias,NA,UFAL CECA,4,4,4,5,4,4,4,4,4,4,3,4,3,3,3,5,5,3,3,4,3,4,4
5e8bc468a861ff6835a5cd9f,Ensino Superior,Ciências Agrárias,NA,UFAL CECA,3,4,4,4,4,4,3,4,5,4,5,4,4,4,5,5,5,5,5,4,4,4,4
5e8c6c62a861ff6ff383c5d9,Ensino Superior,Ciências Exatas e da Terra,NA,UFAL CECA,2,2,2,2,1,1,1,2,1,1,2,4,2,3,2,4,2,1,1,1,1,1,2
5e8c8b93a861ff47f7768ef7,Ensino Superior,Ciências Agrárias,Formação continuada - Concluída,UFAL CECA,3,3,3,3,3,2,2,3,4,3,3,3,2,2,2,5,2,4,4,3,3,3,4
5e8cd187a861ff47fb25fe07,Ensino Superior,Ciências Agrárias,Formação continuada - Concluída,UFAL CECA,4,3,4,2,1,2,2,2,2,2,2,4,1,3,2,4,2,1,3,2,2,3,3
5e8cf435a861ff47f77690cb,Ensino Superior,Ciências Exatas e da Terra,Mestrado - Concluído,UFAL CECA,3,4,2,4,3,2,2,3,3,3,3,4,2,3,2,4,2,5,3,3,2,2,3
5e8dff61a861ff1ea2a1468e,Ensino Superior,Ciências Agrárias,Doutorado - Concluído,UFAL CECA,5,4,5,4,3,3,4,4,3,5,5,5,2,4,2,5,2,1,2,3,3,2,4
5e8f6d79a861ff3027b9481b,Ensino Superior,Ciências Agrárias,NA,UFAL CECA,2,3,3,1,1,2,2,3,2,2,2,3,1,3,2,3,3,1,2,2,3,2,2
5e91c82ca861ff59adc58006,Ensino Superior,Ciências Biológicas,NA,UFAL CECA,1,1,1,2,1,1,1,2,1,2,1,1,1,3,2,2,1,1,1,1,1,1,1
5e8cc3bda861ff47fb25fdb6,Ensino Superior,Ciências Agrárias,NA,UFAL CECA,2,2,2,2,1,1,1,2,2,2,2,3,5,2,2,3,2,1,2,2,1,2,2
5e964916a861ff59eaf4db1f,Ensino Superior,Engenharias,NA,UFAL CECA,4,3,3,2,2,1,1,4,4,3,3,4,2,4,3,4,2,2,4,3,2,1,3
5e8ccdbda861ff47f7769022,Ensino Superior,Ciências Agrárias,NA,UFAL CECA,4,3,5,3,3,1,3,3,3,3,3,4,2,3,2,3,2,1,4,3,3,2,3
5e98c752a861ff4f90c066aa,Ensino Superior,Engenharias,Doutorado - Concluído,UFAL CECA,4,4,2,1,3,1,4,2,3,3,3,5,1,4,2,5,3,1,5,2,5,4,4
5e98f5fda861ff4f94c03107,Ensino Superior,Ciências Agrárias,Doutorado - Concluído,UFAL CECA,2,2,2,2,3,1,2,2,2,2,2,3,2,4,2,3,3,1,3,2,2,2,2
5e99eb56a861ff6ad3ac0067,Ensino Superior,Ciências Agrárias,NA,UFAL CECA,2,3,2,2,1,5,1,2,3,2,2,3,1,2,2,3,2,1,2,2,1,2,2
5e9b519aa861ff1573821abc,Ensino Superior,Ciências Exatas e da Terra,NA,UFAL CECA,3,2,2,2,1,1,3,2,2,1,3,3,1,2,4,3,1,1,3,2,2,4,3
5e9bd292a861ff1573821be7,Ensino Superior,Ciências Exatas e da Terra;Engenharias;Ciências Agrárias,Formação continuada - Em andamento,UFAL CECA,4,3,5,4,4,3,4,3,3,3,3,3,2,3,2,1,2,2,4,4,2,2,3
5e9dd92ea861ff3b572b8224,Ensino Superior,Ciências Agrárias,NA,UFAL CECA,3,2,2,1,1,1,1,3,3,3,2,1,1,2,1,5,2,1,1,3,1,1,4
5e9ddc7fa861ff3b572b823e,Ensino Superior,Ciências Exatas e da Terra;Engenharias;Ciências Agrárias,Doutorado - Concluído,UFAL CECA,4,3,3,2,2,2,2,3,2,2,2,4,2,2,2,4,1,1,4,2,3,3,3
5e9de21aa861ff3b572b825a,Ensino Superior,Engenharias;Ciências Exatas e da Terra,NA,UFAL CECA,4,2,2,2,1,1,4,3,2,2,3,4,2,3,2,3,1,1,3,2,1,2,3
5e9df388a861ff3b5bb0fa52,Ensino Superior,Ciências Agrárias,NA,UFAL CECA,2,2,2,1,3,1,2,2,2,2,2,2,1,2,1,4,2,1,1,2,1,2,2
5e9ef485a861ff57078b12fb,Ensino Superior,Ciências Agrárias,Pós-doutorado - Concluído,UFAL CECA,4,3,1,3,1,1,3,2,4,1,4,3,1,3,2,3,2,1,4,4,4,2,3
5ea03f9fa861ff6b26ef5c61,Ensino Superior,Engenharias;Ciências Agrárias;Ciências Exatas e da Terra,NA,UFAL CECA,2,3,2,2,1,2,2,2,2,2,3,4,2,3,3,4,2,2,4,4,3,4,3
5e85e891a861ff4068363325,Ensino Superior,Linguística/Letras e Artes,NA,UFAL Arapiraca,2,2,2,2,2,2,3,3,4,3,2,3,2,3,2,5,2,2,4,2,2,2,2
5e8616bba861ff40683633e9,Ensino Superior,Ciências Biológicas,Formação continuada - Concluída,UFAL Arapiraca,3,4,2,3,1,1,1,3,1,3,3,3,2,3,2,4,2,1,3,2,1,3,2
5e865db6a861ff406c58eed6,Ensino Superior,Ciências Agrárias;Ciências Exatas e da Terra;Engenharias,NA,UFAL Arapiraca,2,3,2,2,3,2,2,2,2,2,3,2,1,2,1,3,1,1,2,3,2,2,3
5e86d007a861ff406c58efab,Ensino Superior,Linguística/Letras e Artes,NA,UFAL Arapiraca,3,2,1,1,1,1,2,3,3,2,1,3,1,2,1,4,1,1,3,1,1,1,1
5e8743c4a861ff3f7eb2567d,Ensino Superior,Ciências Agrárias,Formação continuada - Em andamento,UFAL Arapiraca,3,3,3,3,3,1,1,2,2,3,2,2,1,3,1,4,2,1,3,1,2,2,3
5e87f19ca861ff3f7a8ff570,Ensino Superior,Ciências Exatas e da Terra,Doutorado - Concluído,UFAL Arapiraca,4,4,5,4,3,2,3,3,3,2,5,4,4,3,4,4,4,3,4,4,4,5,4
5e8802c7a861ff3f7a8ff586,Ensino Superior,Ciências Agrárias,NA,UFAL Arapiraca,2,3,1,1,1,1,3,4,5,1,3,3,1,3,1,3,1,1,5,2,4,4,1
5e8838fca861ff675c201b28,Ensino Superior,Ciências Exatas e da Terra,Pós-doutorado - Concluído;Doutorado - Concluído;Mestrado - Concluído;Graduação - Concluída,UFAL Arapiraca,4,4,3,4,3,3,4,3,4,3,5,5,3,3,3,5,4,4,4,4,4,3,3
5e883c11a861ff6760681bf9,Ensino Superior,Ciências Humanas,Formação continuada - Em andamento,UFAL Arapiraca,4,4,5,4,3,3,3,3,4,5,4,4,3,3,3,5,4,3,3,4,3,5,4
5e886fc9a861ff675c201ba2,Ensino Superior,Ciências da Saúde,NA,UFAL Arapiraca,1,3,1,1,1,1,4,3,1,2,2,3,2,2,1,3,2,1,3,1,3,3,3
5e887338a861ff6760681c61,Ensino Superior,Ciências Sociais Aplicadas,Doutorado - Concluído,UFAL Arapiraca,2,2,2,2,1,1,2,2,2,3,2,4,2,3,2,5,3,1,3,2,3,3,2
5e88a483a861ff6760681cb4,Ensino Superior,Ciências Exatas e da Terra;Ciências Biológicas,NA,UFAL Arapiraca,3,2,3,3,1,1,3,3,1,1,2,2,1,1,2,3,2,1,3,2,1,2,3
5e88c0c9a861ff675c201cbb,Ensino Superior,Ciências Humanas,NA,UFAL Arapiraca,2,2,2,1,1,1,2,2,2,2,2,2,1,1,1,2,2,3,1,2,2,2,3
5e88c5cca861ff675c201ccc,Ensino Superior,Ciências Humanas;Linguística/Letras e Artes;Ciências Sociais Aplicadas,NA,UFAL Arapiraca,4,3,5,5,5,5,4,4,3,5,4,4,4,4,4,4,4,2,3,3,2,1,3
5e88d3d8a861ff675c201d14,Ensino Superior,Ciências Exatas e da Terra,Doutorado - Concluído,UFAL Arapiraca,5,5,4,5,4,2,4,3,4,2,5,4,3,3,2,4,2,4,3,2,3,5,4
5e88f4bca861ff6760681e36,Ensino Superior,Ciências Biológicas;Ciências Exatas e da Terra,NA,UFAL Arapiraca,3,3,2,3,2,2,3,3,2,4,3,2,2,3,2,4,2,1,3,2,1,4,4
5e894bfca861ff6760681f07,Ensino Superior,Ciências Sociais Aplicadas,NA,UFAL Arapiraca,2,2,2,1,1,2,1,3,2,3,2,5,2,3,1,3,2,1,3,2,2,2,2
5e89dcd6a861ff7eba14d485,Ensino Superior,Ciências Agrárias,NA,UFAL Arapiraca,4,3,3,1,3,1,1,2,2,3,2,3,1,3,2,5,3,1,3,3,1,2,3
5e8a207da861ff7eba14d50d,Ensino Superior,Ciências Sociais Aplicadas,Formação continuada - Concluída,UFAL Arapiraca,2,2,2,3,3,1,1,2,3,2,3,2,1,2,2,2,3,2,3,2,3,3,5
5e8a3213a861ff7eba14d568,Ensino Superior,Ciências Agrárias,NA,UFAL Arapiraca,2,2,2,2,1,1,2,3,4,3,3,4,1,3,1,3,2,1,1,3,1,2,3
5e8a328aa861ff7eba14d56d,Ensino Superior,Ciências da Saúde,NA,UFAL Arapiraca,3,2,2,1,2,2,2,2,2,2,2,5,1,3,2,3,2,2,1,2,2,2,3
5e8a39b0a861ff7eba14d5a8,Ensino Superior,Ciências da Saúde,NA,UFAL Arapiraca,3,2,2,3,1,2,2,2,4,2,4,2,2,2,2,3,2,3,4,3,2,2,3
5e8a4c93a861ff7eb664f7c6,Ensino Superior,Ciências Agrárias,NA,UFAL Arapiraca,2,3,3,2,2,1,2,2,3,5,3,2,2,2,2,3,2,3,2,3,2,2,4
5e8a4e84a861ff7eb664f7d2,Ensino Superior,Ciências da Saúde,NA,UFAL Arapiraca,2,2,2,2,1,1,2,2,2,2,2,2,1,3,2,4,3,1,3,2,2,2,3
5e8a558ba861ff7eb664f7e9,Ensino Superior,Ciências Agrárias,NA,UFAL Arapiraca,4,3,2,1,1,1,1,2,4,2,3,5,2,3,2,5,2,1,2,2,2,3,4
5e8a8c0ca861ff7eba14d69b,Ensino Superior,Ciências Sociais Aplicadas,NA,UFAL Arapiraca,2,2,1,1,1,1,1,2,1,2,2,3,2,3,2,4,2,1,1,2,1,2,2
5e8b2422a861ff132c36a010,Ensino Superior,Ciências Agrárias,NA,UFAL Arapiraca,2,2,2,2,1,1,1,3,2,2,2,3,2,2,2,3,2,1,1,2,1,2,3
5e8b3620a861ff6839af05c9,Ensino Superior,Ciências da Saúde,NA,UFAL Arapiraca,2,3,1,1,1,1,1,2,1,2,3,1,1,1,1,3,2,1,1,1,1,2,3
5e8b36fca861ff6839af067a,Ensino Superior,Ciências Humanas,NA,UFAL Arapiraca,2,3,3,2,2,3,3,3,2,3,3,3,3,3,3,4,4,3,5,2,3,3,3
5e8b5973a861ff6839af0ddf,Ensino Superior,Ciências Biológicas,NA,UFAL Arapiraca,1,2,1,1,1,1,1,1,2,2,2,2,2,2,1,2,1,1,1,1,1,1,2
5e8b7303a861ff6835a5c957,Ensino Superior,Ciências Sociais Aplicadas;Ciências Humanas,NA,UFAL Arapiraca,3,2,2,1,2,2,3,3,3,2,3,2,2,2,2,4,2,3,2,2,2,2,2
5e8b7950a861ff6835a5ca36,Ensino Superior,Ciências Agrárias,NA,UFAL Arapiraca,2,3,1,1,1,1,1,2,1,2,2,4,1,2,1,3,1,1,1,2,3,1,3
5e8b79dfa861ff6835a5ca45,Ensino Superior,Ciências Agrárias,Formação continuada - Concluída,UFAL Arapiraca,3,2,1,2,1,1,1,2,2,2,1,2,1,3,1,1,2,1,2,3,3,2,2
5e8b8d8ca861ff6839af11a8,Ensino Superior,Ciências Biológicas;Ciências da Saúde,NA,UFAL Arapiraca,2,2,2,2,1,1,1,2,2,3,1,1,1,2,1,3,1,1,2,2,2,1,3
5e8ba1f3a861ff6839af126c,Ensino Superior,Ciências Biológicas,NA,UFAL Arapiraca,4,4,2,2,4,2,2,3,4,3,2,5,3,4,2,5,4,4,4,4,1,4,4
5e8bb585a861ff6839af134c,Ensino Superior,Ciências Sociais Aplicadas,NA,UFAL Arapiraca,2,4,3,2,4,1,4,3,4,4,4,2,1,3,2,3,2,1,4,4,4,3,1
5e8bbac9a861ff6839af136a,Ensino Superior,Ciências Humanas,Formação continuada - Concluída,UFAL Arapiraca,3,2,2,2,1,2,2,3,2,2,2,3,1,1,1,3,2,2,2,3,2,2,2
5e8bbdd9a861ff6839af137f,Ensino Superior,Ciências da Saúde,Doutorado - Concluído,UFAL Arapiraca,3,3,2,3,1,2,2,3,4,4,3,4,5,3,3,3,2,5,5,4,3,2,3
5e8bc5dda861ff6839af139c,Ensino Superior,Ciências Biológicas,NA,UFAL Arapiraca,2,2,1,2,3,1,1,2,2,3,2,3,2,3,2,5,3,1,3,3,3,2,3
5e8c0117a861ff6839af14a9,Ensino Superior,Ciências Agrárias,NA,UFAL Arapiraca,1,2,1,1,1,1,1,2,2,2,2,3,1,2,1,4,2,1,2,2,2,1,2
5e8c72d4a861ff2e94d12f38,Ensino Superior,Ciências Sociais Aplicadas,NA,UFAL Arapiraca,4,3,5,4,4,1,2,2,2,3,2,4,2,3,2,3,1,1,3,3,1,2,2
5e8c8a5fa861ff2e90d6a2f2,Ensino Superior,Ciências Biológicas;Ciências da Saúde;Ciências Exatas e da Terra,NA,UFAL Arapiraca,3,2,2,2,1,1,2,2,2,1,2,5,2,4,3,5,2,2,2,3,2,2,2
5e8cb167a861ff47f7768fae,Ensino Superior,Ciências da Saúde,NA,UFAL Arapiraca,3,2,2,2,3,2,2,2,2,2,3,4,2,3,3,4,2,2,1,1,1,2,2
5e8cbd8aa861ff47fb25fd98,Ensino Superior,Engenharias,Graduação - Em andamento,UFAL Arapiraca,3,3,4,2,2,2,1,3,4,2,3,5,2,4,2,4,2,1,3,4,3,1,4
5e8ce3f9a861ff47f7769075,Ensino Superior,Ciências Agrárias,NA,UFAL Arapiraca,1,3,1,1,1,1,1,2,2,2,2,1,1,2,1,5,2,1,2,2,1,2,3
5e8cf139a861ff47f77690b8,Ensino Superior,Ciências da Saúde,NA,UFAL Arapiraca,2,2,2,1,1,1,1,2,2,2,3,3,1,2,1,3,2,1,3,4,1,2,3
5e8d0e50a861ff47f7769146,Ensino Superior,Engenharias,NA,UFAL Arapiraca,2,3,2,2,1,1,2,2,2,2,3,4,2,4,1,5,1,2,3,1,2,2,3
5e8f4935a861ff3023f708bc,Ensino Superior,Ciências Sociais Aplicadas,Formação continuada - Em andamento,UFAL Arapiraca,4,3,3,3,4,1,1,2,3,3,3,3,1,3,1,3,1,1,3,3,5,2,3
5e8cc8d6a861ff47f7769010,Ensino Superior,Ciências Biológicas,Formação continuada - Concluída,UFAL Arapiraca,2,4,4,2,3,5,2,2,3,3,3,3,2,2,2,4,1,1,3,4,1,2,4
5e94a793a861ff7896812dab,Ensino Superior,Ciências Exatas e da Terra,NA,UFAL Arapiraca,4,2,2,3,3,1,3,2,4,2,3,3,1,3,2,4,2,2,4,3,5,2,4
5e94bba1a861ff7896812dca,Ensino Superior,Ciências Exatas e da Terra;Ciências Sociais Aplicadas,NA,UFAL Arapiraca,4,4,2,3,3,2,4,3,4,3,3,2,2,2,1,4,2,1,3,3,3,2,4
5e960cbea861ff59ee480404,Ensino Superior,Engenharias,NA,UFAL Arapiraca,3,3,2,2,2,2,2,2,2,2,3,4,2,2,2,4,2,1,3,2,1,2,3
5e960d03a861ff59eaf4da69,Ensino Superior,Ciências Exatas e da Terra,Formação continuada - Em andamento,UFAL Arapiraca,4,2,2,3,5,1,3,3,4,2,3,3,1,3,2,3,2,2,4,3,5,2,4
5e960d98a861ff59eaf4da6d,Ensino Superior,Ciências Humanas,NA,UFAL Arapiraca,1,1,1,1,1,1,1,2,1,2,2,3,1,2,1,3,2,1,1,2,1,2,3
5e977206a861ff2b84394e3f,Ensino Superior,Engenharias,NA,UFAL Arapiraca,4,4,4,4,3,3,3,3,3,3,3,3,2,3,3,5,3,2,4,3,3,3,4
5e99c369a861ff6ad77598c3,Ensino Superior,Ciências Exatas e da Terra,Mestrado - Concluído;Doutorado - Em andamento,UFAL Arapiraca,4,4,2,2,3,2,1,3,3,3,3,5,3,5,3,4,4,4,5,4,3,2,4
5e9bbbada861ff1573821bdb,Ensino Superior,Ciências Biológicas,NA,UFAL Arapiraca,3,2,1,1,1,2,1,2,2,2,2,4,1,3,2,5,2,1,2,3,1,2,2
5e9c60aca861ff28871f28eb,Ensino Superior,Linguística/Letras e Artes,NA,UFAL Arapiraca,3,3,3,1,1,2,4,2,4,2,3,5,4,3,2,4,2,4,4,3,3,4,4
5e9cd223a861ff288b002a9b,Ensino Superior,Ciências Exatas e da Terra,NA,UFAL Arapiraca,2,2,2,2,2,2,2,2,3,2,2,5,2,5,3,5,3,2,4,4,1,2,3
5e9e0bcca861ff3b5bb0fa88,Ensino Superior,Ciências da Saúde,NA,UFAL Arapiraca,2,3,2,1,1,1,1,3,2,2,2,4,2,3,2,5,2,1,3,2,2,2,3
5e9e0ecca861ff3b5bb0faa0,Ensino Superior,Ciências Sociais Aplicadas,NA,UFAL Arapiraca,5,2,2,2,1,1,1,2,1,1,2,3,1,2,1,4,1,1,1,2,1,1,1
5e9e2bf8a861ff3b5bb0faec,Ensino Superior,Ciências Sociais Aplicadas,Mestrado - Concluído,UFAL Arapiraca,1,2,1,1,1,1,1,3,2,4,3,3,3,3,4,3,4,5,3,2,3,2,3
5e9ed3eca861ff5703fb7181,Ensino Superior,Ciências Exatas e da Terra,NA,UFAL Arapiraca,5,4,3,1,1,2,2,3,2,3,3,5,2,3,2,3,1,2,2,2,1,2,2
5e9f5b44a861ff57078b1401,Ensino Superior,Ciências da Saúde,Pós-doutorado - Concluído,UFAL Arapiraca,5,5,5,5,5,5,5,5,5,5,5,5,4,5,5,5,5,5,5,5,5,4,5
5ea08aafa861ff6b26ef5cec,Ensino Superior,Ciências da Saúde,NA,UFAL Arapiraca,2,2,4,1,1,4,1,2,4,3,2,4,2,2,2,5,4,1,2,4,1,2,2
5e88a65fa861ff675c201c49,Ensino Superior,Ciências Sociais Aplicadas,Mestrado - Concluído,UFAL Sertão,3,2,5,2,4,2,4,3,4,3,3,3,3,3,5,3,4,4,3,2,3,1,2
5e8a1d31a861ff7eb664f6f5,Ensino Superior,Ciências Exatas e da Terra,NA,UFAL Sertão,4,4,4,4,3,3,4,4,4,2,3,5,3,3,4,4,4,3,4,4,4,3,4
5e8a1e32a861ff7eba14d4f4,Ensino Superior,Ciências Humanas,NA,UFAL Sertão,4,2,2,4,5,3,4,3,3,3,3,5,2,3,2,5,3,2,3,3,2,2,3
5e8b39d9a861ff6835a5c1a7,Ensino Superior,Linguística/Letras e Artes,Doutorado - Concluído,UFAL Sertão,4,3,5,5,2,4,4,4,4,5,2,4,2,4,2,5,2,1,3,3,3,4,3
5e8cb62fa861ff47fb25fd84,Ensino Superior,Engenharias,Formação continuada - Concluída,UFAL Sertão,3,3,3,3,1,1,1,3,2,2,2,4,1,2,1,3,1,1,1,2,1,1,2
5e89ee2ea861ff7eb664f6c9,Ensino Superior,Ciências Humanas;Ciências Sociais Aplicadas,Formação continuada - Concluída,UFAL Sertão,4,4,3,4,4,3,4,3,3,2,2,5,2,4,2,3,3,4,3,2,3,3,3
5e94a2d4a861ff7896812d91,Ensino Superior,Ciências Humanas,NA,UFAL Sertão,3,2,3,4,3,3,3,3,3,4,3,4,3,4,3,5,4,3,1,3,1,3,3
5e95c8f8a861ff59ee480325,Ensino Superior,Linguística/Letras e Artes,Pós-doutorado - Concluído,UFAL Sertão,3,3,2,4,2,3,4,4,3,3,3,4,3,4,2,4,5,5,4,5,5,4,3
5e9d97e6a861ff3b572b8110,Ensino Superior,Engenharias,Mestrado - Concluído,UFAL Sertão,4,3,2,2,2,3,2,2,3,2,2,4,1,4,2,4,2,4,4,2,3,2,3
5e9e34e6a861ff3b572b835c,Ensino Superior,Ciências Humanas,NA,UFAL Sertão,3,2,2,4,4,5,5,3,3,3,2,5,5,3,3,1,4,4,4,4,3,4,4
5e9f525aa861ff5703fb72a7,Ensino Superior,Ciências Exatas e da Terra,Doutorado - Em andamento,UFAL Sertão,4,2,2,1,1,2,3,3,4,3,3,4,2,3,3,3,2,1,3,3,3,2,3
