ID,area.de.conhecimento,unidade,pedagogica,cidadania,desenvolvimento
5e85cfd48f0a292bf1adf31d,Ciências Exatas e da Terra,UFAL A.C. Simões,2.5,1.6666666666666667,2
5e85d5488f0a292beda2e4ea,Ciências Sociais Aplicadas,UFAL A.C. Simões,2.25,3.3333333333333335,3.6666666666666665
5e85daf88f0a292beda2e51b,Ciências Humanas,UFAL A.C. Simões,1.25,2,2.6666666666666665
5e85e4d08f0a292bf1adf359,Ciências Sociais Aplicadas,UFAL A.C. Simões,4.25,2.8333333333333335,4.333333333333333
5e85e891a861ff4068363325,Linguística/Letras e Artes,UFAL Arapiraca,2,2.3333333333333335,2.6666666666666665
5e8616bba861ff40683633e9,Ciências Biológicas,UFAL Arapiraca,1.75,2.1666666666666665,2
5e862977a861ff4068363494,Engenharias,UFAL A.C. Simões,2.25,2.3333333333333335,2.3333333333333335
5e863555a861ff406c58ede6,Ciências Sociais Aplicadas,UFAL A.C. Simões,1.25,1.6666666666666667,1
5e863a5ca861ff40683634ff,Ciências Sociais Aplicadas,UFAL A.C. Simões,3.75,2.6666666666666665,3
5e863f44a861ff406c58ee6c,Ciências Sociais Aplicadas,UFAL A.C. Simões,3.5,2.1666666666666665,3
5e863fdca861ff406c58ee76,Ciências Sociais Aplicadas,UFAL A.C. Simões,2.75,3.5,4
5e864e0ba861ff406c58ee96,Ciências Sociais Aplicadas,UFAL A.C. Simões,1.75,3.1666666666666665,2.6666666666666665
5e865fb1a861ff406836358c,Ciências Sociais Aplicadas,UFAL A.C. Simões,4.25,1.8333333333333333,4
5e866e64a861ff406c58ef03,Ciências Sociais Aplicadas,UFAL A.C. Simões,4,2.8333333333333335,3.3333333333333335
5e867729a861ff406c58ef2a,Ciências Humanas,UFAL A.C. Simões,3.75,4.166666666666667,4
5e86d007a861ff406c58efab,Linguística/Letras e Artes,UFAL Arapiraca,1,1.5,1.6666666666666667
5e873049a861ff3f7a8ff2fb,Ciências Exatas e da Terra,UFAL A.C. Simões,1.75,2.5,1.6666666666666667
5e873c89a861ff3f7a8ff316,Ciências Humanas,UFAL A.C. Simões,3.25,4.333333333333333,3.6666666666666665
5e873ff7a861ff3f7a8ff32f,Ciências Exatas e da Terra,UFAL A.C. Simões,2.25,2.3333333333333335,2
5e874035a861ff3f7a8ff330,Ciências Exatas e da Terra,UFAL A.C. Simões,2,1.3333333333333333,3
5e874106a861ff3f7a8ff332,Ciências Exatas e da Terra,UFAL A.C. Simões,1.25,2.1666666666666665,2
5e8743c4a861ff3f7eb2567d,Ciências Agrárias,UFAL Arapiraca,2.5,1.6666666666666667,2.6666666666666665
5e874564a861ff3f7eb2568a,Ciências Humanas,UFAL A.C. Simões,2,1.3333333333333333,2
5e874983a861ff3f7eb256bb,Ciências Sociais Aplicadas,UFAL A.C. Simões,3.75,3.3333333333333335,2.3333333333333335
5e874abca861ff3f7eb256c1,Ciências Sociais Aplicadas,UFAL A.C. Simões,1,2.1666666666666665,2
5e874c73a861ff3f7a8ff3a8,Linguística/Letras e Artes,UFAL A.C. Simões,2.75,4.833333333333333,4
5e874e1fa861ff3f7eb256ec,Ciências Humanas,UFAL A.C. Simões,1.5,3,2.6666666666666665
5e874f31a861ff3f7eb256f6,Ciências Sociais Aplicadas,UFAL A.C. Simões,1.5,1.8333333333333333,2.6666666666666665
5e875675a861ff3f7eb25712,Ciências Sociais Aplicadas,UFAL A.C. Simões,1.75,2.1666666666666665,2.6666666666666665
5e875a57a861ff3f7a8ff403,Ciências Sociais Aplicadas,UFAL A.C. Simões,1.75,2.1666666666666665,1.6666666666666667
5e87673fa861ff3f7eb25746,Ciências Humanas,UFAL A.C. Simões,3.5,2,3.3333333333333335
5e87708fa861ff3f7eb25777,Linguística/Letras e Artes,UFAL A.C. Simões,2.75,2.8333333333333335,2.3333333333333335
5e877437a861ff3f7a8ff45d,Engenharias,UFAL A.C. Simões,2.25,1,2.6666666666666665
5e87819ca861ff3f7a8ff465,Engenharias,UFAL A.C. Simões,3.5,3,3.3333333333333335
5e878263a861ff3f7eb2579a,Engenharias,UFAL A.C. Simões,3.5,3.5,3.3333333333333335
5e87839ca861ff3f7eb257a1,Ciências Humanas,UFAL A.C. Simões,3,2.6666666666666665,3.6666666666666665
5e87865da861ff3f7a8ff485,Ciências Sociais Aplicadas,UFAL A.C. Simões,4,2.5,4
5e8792eaa861ff3f7eb257f5,Ciências da Saúde,UFAL A.C. Simões,1.25,2.5,3.6666666666666665
5e87c83ba861ff3f7eb25870,Ciências Humanas,UFAL A.C. Simões,2.5,2.1666666666666665,2.6666666666666665
5e87d37ba861ff3f7eb25881,Ciências Humanas,UFAL A.C. Simões,1.5,2.3333333333333335,2
5e87f19ca861ff3f7a8ff570,Ciências Exatas e da Terra,UFAL Arapiraca,3.5,3.6666666666666665,4
5e8802c7a861ff3f7a8ff586,Ciências Agrárias,UFAL Arapiraca,1,1.6666666666666667,3.3333333333333335
5e881985a861ff3f7a8ff59c,Ciências Exatas e da Terra,UFAL A.C. Simões,3.5,2.5,3.6666666666666665
5e883222a861ff6760681bd9,Ciências Humanas,UFAL A.C. Simões,1.75,2.5,3.3333333333333335
5e883b87a861ff6760681bf3,Ciências Agrárias,UFAL CECA,1.75,1.5,2.3333333333333335
5e883c11a861ff6760681bf9,Ciências Humanas,UFAL Arapiraca,3.75,3.3333333333333335,3.3333333333333335
5e884f1ba861ff6760681c0a,Ciências Exatas e da Terra,UFAL A.C. Simões,1.75,1.3333333333333333,1
5e8850a0a861ff675c201b5c,Engenharias,UFAL A.C. Simões,1,1.5,1.6666666666666667
5e8851dba861ff675c201b64,Ciências Sociais Aplicadas,UFAL A.C. Simões,1.25,2,1.3333333333333333
5e88613ca861ff6760681c39,Ciências Exatas e da Terra,UFAL A.C. Simões,1,1.6666666666666667,1.6666666666666667
5e886fc9a861ff675c201ba2,Ciências da Saúde,UFAL Arapiraca,1,1.8333333333333333,3
5e886ff3a861ff675c201ba3,Ensino técnico,UFAL A.C. Simões,4,4,3.6666666666666665
5e887338a861ff6760681c61,Ciências Sociais Aplicadas,UFAL Arapiraca,1.5,2.5,2.6666666666666665
5e8874aca861ff6760681c68,Engenharias,UFAL A.C. Simões,2.75,2.1666666666666665,2.6666666666666665
5e888aa8a861ff6760681c9c,Ciências Humanas,UFAL A.C. Simões,2.5,2.3333333333333335,2.3333333333333335
5e88a65fa861ff675c201c49,Ciências Sociais Aplicadas,UFAL Sertão,3.25,3.6666666666666665,2.6666666666666665
5e88aad9a861ff675c201c73,Ciências Sociais Aplicadas,UFAL A.C. Simões,1.25,2.5,1.3333333333333333
5e88b62fa861ff6760681cfb,Ciências da Saúde,UFAL A.C. Simões,3.75,2.5,3
5e88b9a6a861ff675c201c97,Ciências Humanas,UFAL A.C. Simões,2.25,3,2
5e88be8ea861ff675c201ca7,Ciências Sociais Aplicadas,UFAL A.C. Simões,4.5,3.1666666666666665,3.3333333333333335
5e88c0c9a861ff675c201cbb,Ciências Humanas,UFAL Arapiraca,1.25,1.6666666666666667,2
5e88c2b5a861ff6760681d34,Engenharias,UFAL A.C. Simões,1.75,1.6666666666666667,1
5e88ce93a861ff675c201d03,Ciências Sociais Aplicadas,UFAL A.C. Simões,3,2.3333333333333335,2.3333333333333335
5e88d2eca861ff675c201d0e,Ciências Sociais Aplicadas,UFAL A.C. Simões,4,3.5,4.333333333333333
5e88d3d8a861ff675c201d14,Ciências Exatas e da Terra,UFAL Arapiraca,3.75,3,3.3333333333333335
5e88d974a861ff675c201d3c,Linguística/Letras e Artes,UFAL A.C. Simões,3.25,2.8333333333333335,3
5e88e28aa861ff675c201d52,Engenharias,UFAL CECA,1.75,3,3.6666666666666665
5e88eb57a861ff675c201d87,Ciências Exatas e da Terra,UFAL A.C. Simões,2.75,3.8333333333333335,3.3333333333333335
5e88edfda861ff6760681e33,Ciências Exatas e da Terra,UFAL A.C. Simões,3.25,1.8333333333333333,1.6666666666666667
5e88fdd4a861ff6760681e4b,Ciências Exatas e da Terra,UFAL A.C. Simões,1.75,2.8333333333333335,1.6666666666666667
5e890798a861ff6760681e79,Linguística/Letras e Artes,UFAL A.C. Simões,1.75,2.1666666666666665,2.3333333333333335
5e891eeba861ff6760681eac,Engenharias,UFAL A.C. Simões,4.25,3,2
5e892524a861ff675c201dfa,Ciências Exatas e da Terra,UFAL A.C. Simões,1.75,3.5,2
5e89401ca861ff6760681ee5,Ciências Humanas,UFAL A.C. Simões,2.75,2.6666666666666665,3
5e8943f4a861ff6760681eef,Linguística/Letras e Artes,UFAL A.C. Simões,2.5,2.3333333333333335,3
5e894944a861ff675c201e38,Ciências da Saúde,UFAL A.C. Simões,2,2.1666666666666665,3.3333333333333335
5e894bfca861ff6760681f07,Ciências Sociais Aplicadas,UFAL Arapiraca,1.5,2.3333333333333335,2.3333333333333335
5e895892a861ff675c201e4e,Ciências Humanas,UFAL A.C. Simões,2,2.3333333333333335,2.3333333333333335
5e89dcd6a861ff7eba14d485,Ciências Agrárias,UFAL Arapiraca,2,2.1666666666666665,2.3333333333333335
5e89fe82a861ff7eb664f6cd,Ciências Exatas e da Terra,UFAL A.C. Simões,3.5,2.5,3
5e8a1b8da861ff7eb664f6e8,Ciências Exatas e da Terra,UFAL A.C. Simões,1.25,1.6666666666666667,1.3333333333333333
5e8a1d31a861ff7eb664f6f5,Ciências Exatas e da Terra,UFAL Sertão,3.5,3.6666666666666665,4
5e8a1e32a861ff7eba14d4f4,Ciências Humanas,UFAL Sertão,3.5,2.8333333333333335,2.6666666666666665
5e8a207da861ff7eba14d50d,Ciências Sociais Aplicadas,UFAL Arapiraca,2.25,2,3.6666666666666665
5e8a2944a861ff7eb664f720,Ciências Sociais Aplicadas,UFAL A.C. Simões,1.25,1.3333333333333333,2
5e8a29b5a861ff7eba14d51f,Ciências Humanas,UFAL A.C. Simões,4.25,2.5,3
5e8a2f5aa861ff7eb664f741,Ciências Biológicas,UFAL A.C. Simões,1.5,1.6666666666666667,2.3333333333333335
5e8a3062a861ff7eba14d55d,Ciências da Saúde,UFAL A.C. Simões,1.25,2.8333333333333335,3
5e8a3176a861ff7eb664f74d,Linguística/Letras e Artes,UFAL A.C. Simões,1.25,2,2.3333333333333335
5e8a3213a861ff7eba14d568,Ciências Agrárias,UFAL Arapiraca,1.5,2,1.6666666666666667
5e8a328aa861ff7eba14d56d,Ciências da Saúde,UFAL Arapiraca,1.75,2.5,2
5e8a331da861ff7eba14d574,Ciências Humanas,UFAL A.C. Simões,2.5,3.1666666666666665,2
5e8a347fa861ff7eb664f773,Ciências da Saúde,UFAL A.C. Simões,2.5,2.6666666666666665,3.6666666666666665
5e8a3535a861ff7eba14d598,Ensino técnico,UFAL A.C. Simões,1.25,2,3
5e8a39b0a861ff7eba14d5a8,Ciências da Saúde,UFAL Arapiraca,2,2.1666666666666665,3
5e8a3b38a861ff7eb664f78a,Ciências Humanas,UFAL A.C. Simões,4,4.166666666666667,3.6666666666666665
5e8a4457a861ff7eb664f7bd,Ciências Biológicas,UFAL A.C. Simões,1,1.6666666666666667,1.6666666666666667
5e8a4c93a861ff7eb664f7c6,Ciências Agrárias,UFAL Arapiraca,2,2.1666666666666665,2.6666666666666665
5e8a4ce7a861ff7eba14d603,Ciências da Saúde,UFAL A.C. Simões,2.5,2.5,2
5e8a4e84a861ff7eb664f7d2,Ciências da Saúde,UFAL Arapiraca,1.5,2,2.6666666666666665
5e8a558ba861ff7eb664f7e9,Ciências Agrárias,UFAL Arapiraca,1.25,2.5,2.6666666666666665
5e8a656ca861ff7eba14d628,Ciências Exatas e da Terra,UFAL A.C. Simões,1.25,1.3333333333333333,1.3333333333333333
5e8a6f76a861ff7eba14d651,Ciências da Saúde,UFAL A.C. Simões,1.25,2,2.6666666666666665
5e8a7085a861ff7eba14d656,Linguística/Letras e Artes,UFAL A.C. Simões,3.75,4,3.6666666666666665
5e8a70c9a861ff7eba14d658,Ciências Humanas,UFAL A.C. Simões,2,2.6666666666666665,3.3333333333333335
5e8a7c5aa861ff7eb664f828,Ciências Exatas e da Terra,UFAL A.C. Simões,1.25,2.8333333333333335,3.3333333333333335
5e8a815aa861ff7eb664f840,Engenharias,UFAL A.C. Simões,2.75,2.8333333333333335,3.3333333333333335
5e8a8c0ca861ff7eba14d69b,Ciências Sociais Aplicadas,UFAL Arapiraca,1,2.1666666666666665,1.3333333333333333
5e8b0f58a861ff132c369fac,Ciências Agrárias,UFAL CECA,1.5,2.3333333333333335,2.3333333333333335
5e8b127ba861ff132841abf1,Ciências Sociais Aplicadas,UFAL A.C. Simões,1.25,2.5,1.6666666666666667
5e8b1a05a861ff132c369fed,Ciências Sociais Aplicadas,UFAL A.C. Simões,1.75,1.8333333333333333,2
5e8b1f08a861ff132841ac37,Ciências Biológicas,UFAL A.C. Simões,1.75,2.3333333333333335,3
5e8b2395a861ff132c36a00d,Ciências da Saúde,UFAL A.C. Simões,1.5,3,3
5e8b2422a861ff132c36a010,Ciências Agrárias,UFAL Arapiraca,1.5,2,1.6666666666666667
5e8b2457a861ff132841ac5f,Ciências da Saúde,UFAL A.C. Simões,2.5,3.3333333333333335,3.3333333333333335
5e8b2a91a861ff132c36a033,Ciências Biológicas,UFAL A.C. Simões,2.75,3,3
5e8b2da2a861ff132841af27,Ciências Humanas,UFAL A.C. Simões,1,2.1666666666666665,1.3333333333333333
5e8b2dbda861ff132c36a2fe,Ciências Sociais Aplicadas,UFAL A.C. Simões,3,2.8333333333333335,2.6666666666666665
5e8b3157a861ff132c36a8d1,Ciências Exatas e da Terra,UFAL A.C. Simões,1.25,2,2
5e8b3182a861ff132c36a91f,Ciências Biológicas,UFAL A.C. Simões,1.25,3.6666666666666665,2.6666666666666665
5e8b31e8a861ff132841b5d9,Ciências Humanas,UFAL A.C. Simões,2.25,2.6666666666666665,3
5e8b3620a861ff6839af05c9,Ciências da Saúde,UFAL Arapiraca,1,1.1666666666666667,1.6666666666666667
5e8b36b3a861ff6839af063c,Ciências da Saúde,UFAL A.C. Simões,2.5,2.8333333333333335,3.6666666666666665
5e8b36fca861ff6839af067a,Ciências Humanas,UFAL Arapiraca,2.5,3.1666666666666665,3.6666666666666665
5e8b37f7a861ff6835a5c0a0,Ciências Exatas e da Terra,UFAL A.C. Simões,4.5,3.6666666666666665,3
5e8b38a4a861ff6835a5c104,Ciências Sociais Aplicadas,UFAL A.C. Simões,1.25,1.5,2.3333333333333335
5e8b39a5a861ff6839af07f6,Ciências Exatas e da Terra,UFAL A.C. Simões,3.5,3.6666666666666665,4
5e8b39d9a861ff6835a5c1a7,Linguística/Letras e Artes,UFAL Sertão,4,2.5,3
5e8b3c35a861ff6835a5c2d4,Ciências Humanas,UFAL A.C. Simões,2,2.5,3.6666666666666665
5e8b3c8ba861ff6835a5c2f4,Ciências Exatas e da Terra,UFAL A.C. Simões,2.5,3.1666666666666665,2.6666666666666665
5e8b3d3ca861ff6835a5c338,Ciências Biológicas,UFAL A.C. Simões,1.5,1.5,1.3333333333333333
5e8b41dfa861ff6835a5c464,Linguística/Letras e Artes,UFAL A.C. Simões,3,2.1666666666666665,2.6666666666666665
5e8b42f4a861ff6839af0a93,Ciências Agrárias,UFAL CECA,1.75,2.3333333333333335,3
5e8b4adca861ff6839af0b99,Ciências Humanas,UFAL A.C. Simões,2.5,3.1666666666666665,3.3333333333333335
5e8b4d6da861ff6835a5c59e,Ciências Sociais Aplicadas,UFAL A.C. Simões,1.5,2.1666666666666665,2.6666666666666665
5e8b50d3a861ff6835a5c646,Linguística/Letras e Artes,UFAL A.C. Simões,1.25,2.8333333333333335,3
5e8b580ba861ff6839af0daa,Ciências da Saúde,UFAL A.C. Simões,1.25,3,3.3333333333333335
5e8b5973a861ff6839af0ddf,Ciências Biológicas,UFAL Arapiraca,1,1.5,1.3333333333333333
5e8b5a67a861ff6839af0dfa,Engenharias,UFAL A.C. Simões,1,2.8333333333333335,3
5e8b626da861ff6835a5c837,Ciências Sociais Aplicadas,UFAL A.C. Simões,1.75,2,3.3333333333333335
5e8b6656a861ff6839af0ef7,Engenharias,UFAL A.C. Simões,1.75,1.8333333333333333,2
5e8b6786a861ff6839af0f04,Ciências Sociais Aplicadas,UFAL A.C. Simões,2,2.5,2.6666666666666665
5e8b6a51a861ff6835a5c8bd,Ciências da Saúde,UFAL A.C. Simões,2,2.6666666666666665,4
5e8b6a9da861ff6839af0f14,Ciências da Saúde,UFAL A.C. Simões,1.5,2.3333333333333335,2.3333333333333335
5e8b6ef8a861ff6839af0f5a,Ciências Sociais Aplicadas,UFAL A.C. Simões,1,2.5,2
5e8b72a6a861ff6839af0f81,Engenharias,UFAL A.C. Simões,1.25,1.3333333333333333,1.6666666666666667
5e8b72b4a861ff6839af0f85,Ciências Exatas e da Terra,UFAL A.C. Simões,1.5,3,2.3333333333333335
5e8b73e7a861ff6835a5c97c,Ciências Humanas,UFAL A.C. Simões,3.25,2.3333333333333335,1.6666666666666667
5e8b75aaa861ff6835a5c9d6,Ciências Biológicas,UFAL A.C. Simões,1,2.1666666666666665,1
5e8b7816a861ff6839af1056,Ciências da Saúde,UFAL A.C. Simões,1.25,1.1666666666666667,2.3333333333333335
5e8b7950a861ff6835a5ca36,Ciências Agrárias,UFAL Arapiraca,1,1.6666666666666667,2.3333333333333335
5e8b79dfa861ff6835a5ca45,Ciências Agrárias,UFAL Arapiraca,1.25,1.6666666666666667,2.3333333333333335
5e8b83b5a861ff6839af110e,Ciências Agrárias,UFAL CECA,3,2.1666666666666665,3
5e8b83c3a861ff6835a5cb0c,Ciências da Saúde,UFAL A.C. Simões,2.75,3.1666666666666665,3.3333333333333335
5e8b8669a861ff6839af113c,Ciências da Saúde,UFAL A.C. Simões,1.5,2.3333333333333335,2.3333333333333335
5e8b87a1a861ff6835a5cb5c,Engenharias,UFAL A.C. Simões,2,2.5,4.333333333333333
5e8b911ba861ff6839af11d2,Ciências Exatas e da Terra,UFAL A.C. Simões,2.75,2.5,3
5e8b9f2da861ff6835a5ccbc,Ciências Agrárias,UFAL CECA,4.25,3.5,3.3333333333333335
5e8ba1f3a861ff6839af126c,Ciências Biológicas,UFAL Arapiraca,2.5,3.6666666666666665,3
5e8ba590a861ff6839af12ac,Ciências da Saúde,UFAL A.C. Simões,1.5,2.6666666666666665,3
5e8bb585a861ff6839af134c,Ciências Sociais Aplicadas,UFAL Arapiraca,2.5,1.8333333333333333,3
5e8bbac9a861ff6839af136a,Ciências Humanas,UFAL Arapiraca,1.75,1.6666666666666667,2
5e8bbdd9a861ff6839af137f,Ciências da Saúde,UFAL Arapiraca,2,3.6666666666666665,3.6666666666666665
5e8bc468a861ff6835a5cd9f,Ciências Agrárias,UFAL CECA,4,4.5,4.333333333333333
5e8bc5ada861ff6839af1399,Ciências da Saúde,UFAL A.C. Simões,3,2.6666666666666665,2.3333333333333335
5e8bc5dda861ff6839af139c,Ciências Biológicas,UFAL Arapiraca,1.75,2.3333333333333335,3
5e8bc6a5a861ff6835a5cdad,Ciências da Saúde,UFAL A.C. Simões,2.25,3.1666666666666665,3
5e8bd177a861ff6839af13ed,Ciências da Saúde,UFAL A.C. Simões,1,1.1666666666666667,1.3333333333333333
5e8bd9cba861ff6835a5ce2c,Ciências Biológicas,UFAL A.C. Simões,3.75,2.8333333333333335,2
5e8c0117a861ff6839af14a9,Ciências Agrárias,UFAL Arapiraca,1,1.6666666666666667,2
5e8c58caa861ff6ff383c55d,Ciências da Saúde,UFAL A.C. Simões,2,3.1666666666666665,4.333333333333333
5e8c60daa861ff6fefca95f2,Ciências da Saúde,UFAL A.C. Simões,1,2.6666666666666665,3
5e8c645da861ff6fefca9609,Ciências Humanas,UFAL A.C. Simões,1,2.1666666666666665,2
5e8c671aa861ff6fefca9623,Ciências Humanas,UFAL A.C. Simões,1,1.6666666666666667,1
5e8c6c62a861ff6ff383c5d9,Ciências Exatas e da Terra,UFAL CECA,1.5,2.3333333333333335,1.3333333333333333
5e8c7124a861ff2e90d6a263,Ciências Biológicas,UFAL A.C. Simões,3.5,3.1666666666666665,3
5e8c72d4a861ff2e94d12f38,Ciências Sociais Aplicadas,UFAL Arapiraca,3.5,2.1666666666666665,2
5e8c7773a861ff2e90d6a280,Ciências Humanas,UFAL A.C. Simões,1.25,1.1666666666666667,1.3333333333333333
5e8c7b39a861ff2e94d12f5e,Ciências da Saúde,UFAL A.C. Simões,2.5,2.3333333333333335,2
5e8c7d3da861ff2e94d12f72,Ciências da Saúde,UFAL A.C. Simões,2.75,3.1666666666666665,3.3333333333333335
5e8c82b5a861ff2e90d6a2b5,Engenharias,UFAL A.C. Simões,2.5,1.6666666666666667,3.3333333333333335
5e8c8790a861ff2e94d12fac,Ciências da Saúde,UFAL A.C. Simões,1.25,2.3333333333333335,1.3333333333333333
5e8c87a4a861ff2e90d6a2e1,Ciências Exatas e da Terra,UFAL A.C. Simões,2,2,2.6666666666666665
5e8c8b93a861ff47f7768ef7,Ciências Agrárias,UFAL CECA,2.75,2.5,3.6666666666666665
5e8c900ea861ff47fb25fc89,Ciências Humanas,UFAL A.C. Simões,1,2,3
5e8c9918a861ff47fb25fcc4,Ciências Humanas,UFAL A.C. Simões,5,4.5,4.333333333333333
5e8c9f4ca861ff47f7768f62,Ciências Biológicas,UFAL A.C. Simões,1,1.6666666666666667,1.6666666666666667
5e8ca2baa861ff47fb25fd0b,Ciências Exatas e da Terra,UFAL A.C. Simões,1.5,1.6666666666666667,1.6666666666666667
5e8cb167a861ff47f7768fae,Ciências da Saúde,UFAL Arapiraca,2.25,2.6666666666666665,1.3333333333333333
5e8cb62fa861ff47fb25fd84,Engenharias,UFAL Sertão,2,1.6666666666666667,1.3333333333333333
5e8cbd8aa861ff47fb25fd98,Engenharias,UFAL Arapiraca,2.5,2.6666666666666665,3.3333333333333335
5e8cbeada861ff47f7768fde,Ciências Sociais Aplicadas,UFAL A.C. Simões,3.25,2.8333333333333335,3.3333333333333335
5e8cc3bda861ff47fb25fdb6,Ciências Agrárias,UFAL CECA,1.5,2.5,1.6666666666666667
5e8cc8d6a861ff47f7769010,Ciências Biológicas,UFAL Arapiraca,3.5,1.8333333333333333,2.6666666666666665
5e8ccdbda861ff47f7769022,Ciências Agrárias,UFAL CECA,3,2.3333333333333335,3.3333333333333335
5e8cce98a861ff47fb25fde8,Ciências Biológicas,UFAL A.C. Simões,1,1.8333333333333333,3
5e8cd187a861ff47fb25fe07,Ciências Agrárias,UFAL CECA,2.25,2.1666666666666665,2.6666666666666665
5e8cdb83a861ff47f7769060,Ciências Exatas e da Terra,UFAL A.C. Simões,1.5,2.6666666666666665,1.6666666666666667
5e8ce3cba861ff47fb25fe51,Ciências da Saúde,UFAL A.C. Simões,1,2,3
5e8ce3f9a861ff47f7769075,Ciências Agrárias,UFAL Arapiraca,1,1.3333333333333333,2
5e8cee38a861ff47fb25fe6f,Ciências Exatas e da Terra,UFAL A.C. Simões,3.5,3.3333333333333335,3.6666666666666665
5e8cf139a861ff47f77690b8,Ciências da Saúde,UFAL Arapiraca,1.25,1.6666666666666667,2.3333333333333335
5e8cf2b4a861ff47f77690bc,Ciências da Saúde,UFAL A.C. Simões,2.75,3.6666666666666665,4
5e8cf435a861ff47f77690cb,Ciências Exatas e da Terra,UFAL CECA,2.75,3,2.6666666666666665
5e8d0e50a861ff47f7769146,Engenharias,UFAL Arapiraca,1.5,2.3333333333333335,2.6666666666666665
5e8d1446a861ff47fb25ff60,Ciências da Saúde,UFAL A.C. Simões,4,3.3333333333333335,3.3333333333333335
5e8dd8fea861ff1ea2a14634,Ciências Exatas e da Terra,UFAL A.C. Simões,1.75,2.1666666666666665,3
5e8de11ba861ff1e9eff44c1,Linguística/Letras e Artes,UFAL A.C. Simões,1,2.5,1.3333333333333333
5e8dff61a861ff1ea2a1468e,Ciências Agrárias,UFAL CECA,3.75,2.6666666666666665,3
5e8e059fa861ff1e9eff451a,Ensino técnico,UFAL A.C. Simões,3.75,3,2.6666666666666665
5e8e1958a861ff1e9eff4536,Ciências Sociais Aplicadas,UFAL A.C. Simões,2.25,2.3333333333333335,3
5e8e3f82a861ff25bf3a560e,Ciências Biológicas,UFAL A.C. Simões,1,1.5,2
5e8f1ef8a861ff3023f7085e,Ciências Humanas,UFAL A.C. Simões,4,2.8333333333333335,3.3333333333333335
5e8f2171a861ff3023f70869,Ciências Exatas e da Terra,UFAL A.C. Simões,2.75,2.5,1.6666666666666667
5e8f328aa861ff3023f7086a,Linguística/Letras e Artes,UFAL A.C. Simões,3.5,3.8333333333333335,3.6666666666666665
5e8f32d2a861ff3023f7086f,Engenharias,UFAL A.C. Simões,1.75,1.6666666666666667,3.3333333333333335
5e8f35b2a861ff3023f70888,Linguística/Letras e Artes,UFAL A.C. Simões,1,3,4
5e8f4935a861ff3023f708bc,Ciências Sociais Aplicadas,UFAL Arapiraca,2.75,1.6666666666666667,3.6666666666666665
5e8f4d06a861ff3027b947e5,Linguística/Letras e Artes,UFAL A.C. Simões,2,3.5,2.6666666666666665
5e8f534ea861ff3027b947f1,Linguística/Letras e Artes,UFAL A.C. Simões,3.25,3.8333333333333335,4.333333333333333
5e8f5416a861ff3023f708f4,Linguística/Letras e Artes,UFAL A.C. Simões,1.25,2.3333333333333335,1.3333333333333333
5e8f6906a861ff3027b9480d,Linguística/Letras e Artes,UFAL A.C. Simões,3,2,3
5e8f6d79a861ff3027b9481b,Ciências Agrárias,UFAL CECA,1.75,2.1666666666666665,2.3333333333333335
5e8f770da861ff3023f70958,Ciências Sociais Aplicadas,UFAL A.C. Simões,1.75,1.6666666666666667,2
5e8f7b54a861ff3023f70969,Linguística/Letras e Artes,UFAL A.C. Simões,1.25,2,3
5e8f8180a861ff3027b9484b,Ciências Exatas e da Terra,UFAL A.C. Simões,2.75,2.5,3
5e8f8f05a861ff3027b94877,Ciências Biológicas,UFAL A.C. Simões,1.75,2.5,3
5e8fb660a861ff3023f709db,Ciências da Saúde,UFAL A.C. Simões,3.75,3.5,4.333333333333333
5e8fc3fca861ff3023f709f3,Linguística/Letras e Artes,UFAL A.C. Simões,4,3.8333333333333335,4
5e8fc4b4a861ff3027b948a9,Ciências Humanas,UFAL A.C. Simões,1.75,2.5,3
5e907623a861ff49215e3290,Linguística/Letras e Artes,UFAL A.C. Simões,2,2.5,4
5e90814ca861ff4925848a37,Linguística/Letras e Artes,UFAL A.C. Simões,4.75,3,2
5e90dfcfa861ff4925848a8e,Linguística/Letras e Artes,UFAL A.C. Simões,1,2.6666666666666665,1
5e90e833a861ff4925848a9f,Ciências da Saúde,UFAL A.C. Simões,1,1.3333333333333333,2
5e911aafa861ff4925848ac9,Ciências da Saúde,UFAL A.C. Simões,2,1.5,2.3333333333333335
5e91be71a861ff59adc58000,Ciências Humanas,UFAL A.C. Simões,1.25,2,1.6666666666666667
5e91c82ca861ff59adc58006,Ciências Biológicas,UFAL CECA,1.25,1.5,1
5e91ce60a861ff59adc58018,Linguística/Letras e Artes,UFAL A.C. Simões,2.5,3.3333333333333335,3.3333333333333335
5e92f650a861ff68336d084c,Ciências da Saúde,UFAL A.C. Simões,4,3.5,4.333333333333333
5e944d3fa861ff7896812ca1,Ciências Humanas,UFAL A.C. Simões,1.25,2,3
5e945ae3a861ff7892432234,Linguística/Letras e Artes,UFAL A.C. Simões,2.75,2.3333333333333335,3.3333333333333335
5e947071a861ff7896812cea,Ciências Sociais Aplicadas,UFAL A.C. Simões,1,1.5,1.3333333333333333
5e947b75a861ff789243227b,Linguística/Letras e Artes,UFAL A.C. Simões,2.5,2.1666666666666665,4
5e947c08a861ff789243227e,Ciências da Saúde,UFAL A.C. Simões,2.25,2.1666666666666665,3
5e947d14a861ff7892432286,Engenharias,UFAL A.C. Simões,1.25,1.5,1.6666666666666667
5e9482a2a861ff7892432292,Ensino técnico,UFAL A.C. Simões,2.25,2.1666666666666665,2.3333333333333335
5e948f03a861ff7896812d67,Ciências da Saúde,UFAL A.C. Simões,1.5,2.3333333333333335,2.3333333333333335
5e9492cda861ff78924322e7,Ciências Sociais Aplicadas,UFAL A.C. Simões,3.25,2.6666666666666665,3.6666666666666665
5e949de0a861ff7892432311,Linguística/Letras e Artes,UFAL A.C. Simões,2.5,2.8333333333333335,3.3333333333333335
5e949fa4a861ff789243231a,Ciências Sociais Aplicadas,UFAL A.C. Simões,2.5,2.3333333333333335,3
5e94a2d4a861ff7896812d91,Ciências Humanas,UFAL Sertão,3.25,3.5,1.6666666666666667
5e94a793a861ff7896812dab,Ciências Exatas e da Terra,UFAL Arapiraca,2.25,2.1666666666666665,4.333333333333333
5e94ab3fa861ff7896812dad,Ciências Exatas e da Terra,UFAL A.C. Simões,3.5,4,4
5e94bd37a861ff7892432380,Ciências da Saúde,UFAL A.C. Simões,1,1.3333333333333333,2
5e94bd54a861ff7892432381,Ciências da Saúde,UFAL A.C. Simões,1.5,2.6666666666666665,2.6666666666666665
5e94cdf7a861ff789243241c,Ciências da Saúde,UFAL A.C. Simões,1.25,2.1666666666666665,3
5e94d558a861ff7896812e72,Ciências Humanas,UFAL A.C. Simões,1.75,3,2.3333333333333335
5e94e62ca861ff7892432450,Ciências Humanas,UFAL A.C. Simões,1.75,2.1666666666666665,2.3333333333333335
5e94e6bca861ff7892432458,Ciências da Saúde,UFAL A.C. Simões,2.25,3,3
5e94e850a861ff789243246b,Ciências Sociais Aplicadas,UFAL A.C. Simões,2.25,3,2.6666666666666665
5e95b898a861ff1209567c91,Ciências Humanas,UFAL A.C. Simões,2,3,2.3333333333333335
5e95c8f8a861ff59ee480325,Linguística/Letras e Artes,UFAL Sertão,2.75,3.8333333333333335,4
5e95fab2a861ff59ee4803b5,Ciências da Saúde,UFAL A.C. Simões,2,2,2
5e95ffdda861ff59eaf4da2e,Ciências da Saúde,UFAL A.C. Simões,1.75,2.3333333333333335,2.6666666666666665
5e9608d2a861ff59eaf4da60,Ciências Exatas e da Terra,UFAL A.C. Simões,1,2,2.3333333333333335
5e960cbea861ff59ee480404,Engenharias,UFAL Arapiraca,2,2.1666666666666665,2.3333333333333335
5e960d03a861ff59eaf4da69,Ciências Exatas e da Terra,UFAL Arapiraca,2.75,2.1666666666666665,4.333333333333333
5e960d98a861ff59eaf4da6d,Ciências Humanas,UFAL Arapiraca,1,1.6666666666666667,1.6666666666666667
5e964916a861ff59eaf4db1f,Engenharias,UFAL CECA,2,2.8333333333333335,3
5e96fe64a861ff2b84394b19,Ciências da Saúde,UFAL A.C. Simões,2,2.3333333333333335,3.3333333333333335
5e9713aea861ff2b80c2a150,Ciências da Saúde,UFAL A.C. Simões,2.75,2.3333333333333335,3.6666666666666665
5e97591ea861ff2b84394bec,Ciências Biológicas,UFAL A.C. Simões,2.25,3,4.333333333333333
5e976471a861ff2b84394d69,Ciências Sociais Aplicadas,UFAL A.C. Simões,1.25,2.3333333333333335,2.3333333333333335
5e977206a861ff2b84394e3f,Engenharias,UFAL Arapiraca,3.5,2.6666666666666665,3.6666666666666665
5e97a584a861ff6164ef6c6d,Ciências da Saúde,UFAL A.C. Simões,1.5,2.1666666666666665,2.6666666666666665
5e98c752a861ff4f90c066aa,Engenharias,UFAL CECA,1.75,2.6666666666666665,4.666666666666667
5e98f5fda861ff4f94c03107,Ciências Agrárias,UFAL CECA,2,2.5,2.3333333333333335
5e98f764a861ff4f90c06714,Engenharias,UFAL A.C. Simões,2.5,1.8333333333333333,1.6666666666666667
5e9972fda861ff6ad775989b,Ciências da Saúde,UFAL A.C. Simões,1.75,2,1.3333333333333333
5e99cb19a861ff6ad77598d0,Ciências da Saúde,UFAL A.C. Simões,3.25,4.5,3.6666666666666665
5e99d6faa861ff6ad77598ea,Ciências da Saúde,UFAL A.C. Simões,3,4.166666666666667,3.3333333333333335
5e99eb56a861ff6ad3ac0067,Ciências Agrárias,UFAL CECA,2.5,1.8333333333333333,1.6666666666666667
5e9a46a9a861ff6ad7759d54,Linguística/Letras e Artes,UFAL A.C. Simões,1.75,2.5,2
5e9a48d5a861ff6ad7759d79,Engenharias,UFAL A.C. Simões,1,2,2.3333333333333335
5e9a4e7aa861ff6ad3ac0517,Linguística/Letras e Artes,UFAL A.C. Simões,3,3.5,4
5e9b04e1a861ff1573821a39,Ciências Sociais Aplicadas,UFAL A.C. Simões,2,1,1.3333333333333333
5e9b1874a861ff156f61bc41,Engenharias,UFAL A.C. Simões,1.75,1.8333333333333333,2
5e9b2a45a861ff156f61bc87,Ciências Exatas e da Terra,UFAL A.C. Simões,1.25,1.6666666666666667,1.6666666666666667
5e9b519aa861ff1573821abc,Ciências Exatas e da Terra,UFAL CECA,1.5,2,2.6666666666666665
5e9bbbada861ff1573821bdb,Ciências Biológicas,UFAL Arapiraca,1.25,2.1666666666666665,1.6666666666666667
5e9c4035a861ff28871f28a9,Ciências Exatas e da Terra,UFAL A.C. Simões,1.5,2.1666666666666665,2
5e9c4543a861ff288b0029e3,Ciências da Saúde,UFAL A.C. Simões,2,2.5,2.6666666666666665
5e9c60aca861ff28871f28eb,Linguística/Letras e Artes,UFAL Arapiraca,1.75,3.3333333333333335,3.6666666666666665
5e9caddba861ff288b002a78,Ciências Humanas,UFAL A.C. Simões,2.5,2.3333333333333335,3
5e9cd223a861ff288b002a9b,Ciências Exatas e da Terra,UFAL Arapiraca,2,3.3333333333333335,2.6666666666666665
5e9cf5d3a861ff28871f2995,Ciências da Saúde,UFAL A.C. Simões,2.5,2.1666666666666665,3
5e9cf691a861ff288b002ab2,Engenharias,UFAL A.C. Simões,2,2,2.6666666666666665
5e9d8b77a861ff3b572b80fb,Ciências Exatas e da Terra,UFAL A.C. Simões,2,1.6666666666666667,2
5e9d97e6a861ff3b572b8110,Engenharias,UFAL Sertão,2.25,2.8333333333333335,3.3333333333333335
5e9dd3c6a861ff3b572b81ff,Ciências Sociais Aplicadas,UFAL A.C. Simões,2.75,3.3333333333333335,3.3333333333333335
5e9dd92ea861ff3b572b8224,Ciências Agrárias,UFAL CECA,1.25,1.3333333333333333,2
5e9de70fa861ff3b5bb0fa2a,Ciências Biológicas,UFAL A.C. Simões,1.5,2.5,2.3333333333333335
5e9df388a861ff3b5bb0fa52,Ciências Agrárias,UFAL CECA,1.75,1.5,1.3333333333333333
5e9dfecfa861ff3b5bb0fa5f,Ciências da Saúde,UFAL A.C. Simões,1.25,1.6666666666666667,3.3333333333333335
5e9e0b40a861ff3b5bb0fa7e,Ciências da Saúde,UFAL A.C. Simões,1.75,1.8333333333333333,1.6666666666666667
5e9e0bcca861ff3b5bb0fa88,Ciências da Saúde,UFAL Arapiraca,1.25,2.3333333333333335,2.6666666666666665
5e9e0ecca861ff3b5bb0faa0,Ciências Sociais Aplicadas,UFAL Arapiraca,1.5,1.5,1
5e9e0edaa861ff3b572b82d4,Ciências Sociais Aplicadas,UFAL A.C. Simões,3,2.8333333333333335,3.3333333333333335
5e9e0efba861ff3b5bb0faa1,Ciências da Saúde,UFAL A.C. Simões,1,2.6666666666666665,2
5e9e2797a861ff3b5bb0fae9,Ciências Exatas e da Terra,UFAL A.C. Simões,3.25,2.8333333333333335,2.6666666666666665
5e9e2bf8a861ff3b5bb0faec,Ciências Sociais Aplicadas,UFAL Arapiraca,1,3.6666666666666665,3
5e9e34e6a861ff3b572b835c,Ciências Humanas,UFAL Sertão,3.75,4,3.6666666666666665
5e9e4316a861ff3b5bb0fb22,Ciências da Saúde,UFAL A.C. Simões,1.25,1.6666666666666667,2.6666666666666665
5e9ed3eca861ff5703fb7181,Ciências Exatas e da Terra,UFAL Arapiraca,1.75,2.5,1.6666666666666667
5e9ef485a861ff57078b12fb,Ciências Agrárias,UFAL CECA,1.5,2,3.6666666666666665
5e9f09dea861ff5703fb71e4,Engenharias,UFAL A.C. Simões,1.25,1.3333333333333333,2
5e9f0c11a861ff57078b1350,Ciências Sociais Aplicadas,UFAL A.C. Simões,3.25,3.3333333333333335,3
5e9f308ca861ff57078b1385,Engenharias,UFAL A.C. Simões,2.5,3.1666666666666665,2.3333333333333335
5e9f525aa861ff5703fb72a7,Ciências Exatas e da Terra,UFAL Sertão,1.5,2.5,3
5e9f5b44a861ff57078b1401,Ciências da Saúde,UFAL Arapiraca,5,4.833333333333333,5
5e9f9ceea861ff5703fb72f0,Ciências Sociais Aplicadas,UFAL A.C. Simões,1.75,2.5,1.6666666666666667
5e9ff5e5a861ff6b26ef5c1e,Ciências da Saúde,UFAL A.C. Simões,1.25,2.3333333333333335,2.3333333333333335
5ea02a2fa861ff6b228ebcac,Ciências Exatas e da Terra,UFAL A.C. Simões,2.25,3.1666666666666665,3.3333333333333335
5ea0321aa861ff6b26ef5c3e,Ciências da Saúde,UFAL A.C. Simões,1,1.8333333333333333,2.6666666666666665
5ea03d1aa861ff6b228ebccc,Ciências Exatas e da Terra,UFAL A.C. Simões,1.75,1.3333333333333333,2.3333333333333335
5ea08aafa861ff6b26ef5cec,Ciências da Saúde,UFAL Arapiraca,2.5,2.5,1.6666666666666667
5ea26477a861ff040d5d236a,Ciências Humanas,UFAL A.C. Simões,2.25,2.1666666666666665,1.6666666666666667
5ea5eb2aa861ff360e5f6110,Ciências Sociais Aplicadas,UFAL A.C. Simões,1.75,3,3
